Handle,Title,Body (HTML),Vendor,Type,Tags,Published,Option1 Name,Option1 Value,Option2 Name,Option2 Value,Option3 Name,Option3 Value,Variant SKU,Variant Grams,Variant Inventory Tracker,Variant Inventory Qty,Variant Inventory Policy,Variant Fulfillment Service,Variant Price,Variant Compare At Price,Variant Requires Shipping,Variant Taxable,Variant Barcode,Image Src,Image Position,Image Alt Text,Gift Card,SEO Title,SEO Description,Google Shopping / Google Product Category,Google Shopping / Gender,Google Shopping / Age Group,Google Shopping / MPN,Google Shopping / AdWords Grouping,Google Shopping / AdWords Labels,Google Shopping / Condition,Google Shopping / Custom Product,Google Shopping / Custom Label 0,Google Shopping / Custom Label 1,Google Shopping / Custom Label 2,Google Shopping / Custom Label 3,Google Shopping / Custom Label 4,Variant Image,Variant Weight Unit,Variant Tax Code
chổi-phấn-ma-hồng,Chổi Phấn má hồng,"<ul id=""prod-left"">
<li>Sợi lông tơ mềm tổng hợp chất lượng cao cung cấp sự phân bố màu hoàn hảo và ứng dụng nhẹ nhàng của blushers và bronzer vào má và mặt.</li>
</ul>",Golden Rose,Dụng cụ,"",true,Title,Default Title,,,,,acce00003,0,,1,deny,manual,150000,,true,true,"",https://cdn.shopify.com/s/files/1/2935/3636/products/Ch_i_ma_h_ng.png?v=1519891357,1,,false,,,,,,,,,,,,,,,,,g,
chổi-phấn-nền,Chổi Phấn Nền,"<ul id=""prod-left"">
<li id=""boxscroll"" tabindex=""5000""><span><span><span style=""vertical-align: inherit;""><span style=""vertical-align: inherit;"">Bàn chải mặt phẳng cung cấp cho tất cả các ứng dụng của bạn tất cả các móng với kết cấu và tự nhiên</span></span></span></span></li>
</ul>",Golden Rose,Dụng cụ,"",true,Title,Default Title,,,,,acce00002,0,,1,deny,manual,175000,,true,true,"",https://cdn.shopify.com/s/files/1/2935/3636/products/Ch_i_n_n.png?v=1519887003,1,,false,,,,,,,,,,,,,,,,,g,
chổi-phấn-phủ,Chổi phấn phủ,"<ul id=""prod-left"">
<li id=""boxscroll"" tabindex=""5000""><span>Chất tẩy lông tổng hợp chất lượng cao để sử dụng tất cả các loại bột cho mặt và cơ thể.</span></li>
</ul>",Golden Rose,Dụng cụ,"",true,Title,Default Title,,,,,acce00001,0,,1,deny,manual,195000,,true,true,"",https://cdn.shopify.com/s/files/1/2935/3636/products/ch_i_ph.png?v=1519891563,1,,false,,,,,,,,,,,,,,,,,g,
dầu-gội-em-be-chiết-xuất-hoa-cuc-la-ma-khong-cay-mắt-400-ml-pielor,Dầu gội em bé chiết xuất hoa cúc la mã không cay mắt 400 ml Pielor,"<span><span style=""vertical-align: inherit;""><span style=""vertical-align: inherit;"">Dầu gội không làm mắt cho em bé với thực phẩm chiết xuất từ ​​hoa cuc la mã giúp làm sạch tóc mà không làm tóc tổn thương và da đầu bé. </span><span style=""vertical-align: inherit;"">How to make a nice hair and easy.</span></span></span>",Pielor,Baby,"",true,Size,200ml,,,,,Baby00007,400,,1,deny,manual,53000,,true,true,"",https://cdn.shopify.com/s/files/1/2935/3636/products/Baby_Shampoo_400.png?v=1519830038,1,,false,,,,,,,,,,,,,,,,https://cdn.shopify.com/s/files/1/2935/3636/products/Baby_Shampoo_200.png?v=1519972136,g,
dầu-gội-em-be-chiết-xuất-hoa-cuc-la-ma-khong-cay-mắt-400-ml-pielor,,,,,,,,400ml,,,,,Baby00008,400,,0,deny,manual,74000,,true,true,"",https://cdn.shopify.com/s/files/1/2935/3636/products/Baby_Shampoo_400_ac816efb-0149-4b2a-a524-052754fe96e2.png?v=1519894724,2,,,,,,,,,,,,,,,,,,https://cdn.shopify.com/s/files/1/2935/3636/products/Baby_Shampoo_400_ac816efb-0149-4b2a-a524-052754fe96e2.png?v=1519894724,g,
dầu-gội-em-be-chiết-xuất-hoa-cuc-la-ma-khong-cay-mắt-400-ml-pielor,,,,,,,,750ml,,,,,Baby00009,400,,0,deny,manual,135000,,true,true,"",https://cdn.shopify.com/s/files/1/2935/3636/products/2016-12-01_34.png?v=1519894763,3,,,,,,,,,,,,,,,,,,https://cdn.shopify.com/s/files/1/2935/3636/products/2016-12-01_34.png?v=1519894763,g,
dầu-gội-em-be-chiết-xuất-hoa-cuc-la-ma-khong-cay-mắt-400-ml-pielor,,,,,,,,,,,,,,,,,,,,,,,,https://cdn.shopify.com/s/files/1/2935/3636/products/Baby_Shampoo_200.png?v=1519972136,4,,,,,,,,,,,,,,,,,,,,
kem-lam-sang-da-mặt,KEM LÀM SÁNG DA MẶT,"<p><span>Kem dưỡng da làm trắng da mặt làm sáng da qua đêm để giảm sự xuất hiện các đốm đen và chuyển màu cho da để lộ một làn da rám nắng, ngay cả khi thức dậy.<span> </span></span><br><span>Kem dưỡng ẩm và vitamin giàu giúp giảm tác hại của tia tử ngoại và các yếu tố gây stress ban ngày vào ban đêm để cải thiện độ trong của da.</span></p>",BIO,Skin,"",true,Title,Default Title,,,,,skin000,0,,1,deny,manual,250000,,true,true,"",https://cdn.shopify.com/s/files/1/2935/3636/products/2016_04_17_11_20_13.jpg?v=1520507487,1,,false,,,,,,,,,,,,,,,,,lb,
kem-lam-sang-da-mặt,,,,,,,,,,,,,,,,,,,,,,,,https://cdn.shopify.com/s/files/1/2935/3636/products/facial_whitening_night_cream_detail.png?v=1520507442,2,,,,,,,,,,,,,,,,,,,,
kem-tẩy-tế-bao-chết-pielor-200ml,Kem Tẩy Tế Bào Chết Pielor 200ml,<span>PIELOR Body Scrub nhẹ nhàng loại bỏ các tế bào chết và cho làn da tươi sáng và sạch sẽ.</span><span>Công thức cải tiến của nó với bơ Shea và Glycerin duy trì làn da bằng cách giữ cân bằng độ ẩm của da tự nhiên trong mỗi ứng dụng. 4 </span><span>Hương thơm</span>,Pielor,Body,"",true,Color,Lavanner,,,,,body00013,0,,1,deny,manual,125000,,true,true,"",https://cdn.shopify.com/s/files/1/2935/3636/products/pielor_lavaner.jpeg?v=1519971901,1,,false,,,,,,,,,,,,,,,,https://cdn.shopify.com/s/files/1/2935/3636/products/lavantascrubkapak.png?v=1519971905,g,
kem-tẩy-tế-bao-chết-pielor-200ml,,,,,,,,Vanilla,,,,,body00014,0,,0,deny,manual,125000,,true,true,"",https://cdn.shopify.com/s/files/1/2935/3636/products/bodyscrubcopy.png?v=1519971903,2,,,,,,,,,,,,,,,,,,https://cdn.shopify.com/s/files/1/2935/3636/products/vanilyascrubkapak.png?v=1519971907,g,
kem-tẩy-tế-bao-chết-pielor-200ml,,,,,,,,GARDENIA,,,,,body00012,0,,0,deny,manual,125000,,true,true,"",https://cdn.shopify.com/s/files/1/2935/3636/products/gardenyascrubkapak.png?v=1519971904,3,,,,,,,,,,,,,,,,,,https://cdn.shopify.com/s/files/1/2935/3636/products/gardenyascrubkapak.png?v=1519971904,g,
kem-tẩy-tế-bao-chết-pielor-200ml,,,,,,,,FLEUR d'ORANGER,,,,,body00011,0,,0,deny,manual,125000,,true,true,"",https://cdn.shopify.com/s/files/1/2935/3636/products/lavantascrubkapak.png?v=1519971905,4,,,,,,,,,,,,,,,,,,https://cdn.shopify.com/s/files/1/2935/3636/products/scrubkapak.png?v=1519971906,g,
kem-tẩy-tế-bao-chết-pielor-200ml,,,,,,,,,,,,,,,,,,,,,,,,https://cdn.shopify.com/s/files/1/2935/3636/products/scrubkapak.png?v=1519971906,5,,,,,,,,,,,,,,,,,,,,
kem-tẩy-tế-bao-chết-pielor-200ml,,,,,,,,,,,,,,,,,,,,,,,,https://cdn.shopify.com/s/files/1/2935/3636/products/vanilyascrubkapak.png?v=1519971907,6,,,,,,,,,,,,,,,,,,,,
kem-trang-dểm-bb-cream,Kem trang đểm BB Cream,"<ul id=""prod-left"">
<li>
<font style=""vertical-align: inherit;""><font style=""vertical-align: inherit;"">All same one, Ngay lập tức Perfect Nhìn Da! </font></font><span> </span><font style=""vertical-align: inherit;""><font style=""vertical-align: inherit;"">Cung cấp cho bạn một sức mạnh với kết cấu, dễ thi công. </font></font><span> </span><font style=""vertical-align: inherit;""><font style=""vertical-align: inherit;"">Maste and create cho da mịn màng. </font></font><span> </span><font style=""vertical-align: inherit;""><font style=""vertical-align: inherit;"">Cung cấp ẩm cho ngày trong ngày. </font></font><span> </span><font style=""vertical-align: inherit;""><font style=""vertical-align: inherit;"">Che giấu the output of the full of da. </font></font><span> </span><font style=""vertical-align: inherit;""><font style=""vertical-align: inherit;"">Với SPF 25 (UVA / UVB) để bảo vệ chống lại các mối nguy hại. </font></font><span> </span><font style=""vertical-align: inherit;""><font style=""vertical-align: inherit;"">Chứa chất chống oxy hoá Vitamin E. Không chứa dầu, không nhờn, không chứa paraben. </font></font><span> </span><font style=""vertical-align: inherit;""><font style=""vertical-align: inherit;"">Apply for clean. </font></font><span> </span><font style=""vertical-align: inherit;""><font style=""vertical-align: inherit;"">Có thể sử dụng hoặc không có chất làm ẩm. </font></font><span> </span><font style=""vertical-align: inherit;""><font style=""vertical-align: inherit;"">Áp dụng hai lớp phủ để tăng sóng che phủ.</font></font>
</li>
</ul>",Golden Rose,Mặt,"",true,Color,01ligh,,,,,Face00003,0,,0,deny,manual,350000,,true,true,"",https://cdn.shopify.com/s/files/1/2935/3636/products/2713.jpg?v=1519893325,1,,false,,,,,,,,,,,,,,,,https://cdn.shopify.com/s/files/1/2935/3636/products/2713.jpg?v=1519893325,g,
kem-trang-dểm-bb-cream,,,,,,,,03 Natural,,,,,Face00004,0,,1,deny,manual,350000,,true,true,"",https://cdn.shopify.com/s/files/1/2935/3636/products/2713_6203e591-3a40-4654-9271-b3aa358b679f.jpg?v=1519893325,2,,,,,,,,,,,,,,,,,,https://cdn.shopify.com/s/files/1/2935/3636/products/2713_6203e591-3a40-4654-9271-b3aa358b679f.jpg?v=1519893325,g,
kem-trang-dểm-bb-cream,,,,,,,,02 Fair,,,,,Face00005,0,,1,deny,manual,350000,,true,true,"",,,,,,,,,,,,,,,,,,,,https://cdn.shopify.com/s/files/1/2935/3636/products/2713_6203e591-3a40-4654-9271-b3aa358b679f.jpg?v=1519893325,g,
son-kem-lau-phai,Son kem lâu phai,"<span>Một loạt hoàn hảo của son môi chất lỏng cung cấp cho một màu sắc dày đặc từ Golden Rose, mờ và lâu dài.<span> </span></span><span>Một thời gian ngắn sau khi cày, nó trưởng thành và sự giảm xuống được cố định.<span> </span></span><span>Các công thức chứa Vitamin E và dầu bơ không làm khô môi của bạn.<span> </span></span><span>Không cảm thấy cân nặng, nó bảo vệ độ bền của nó trong suốt cả ngày và không lây nhiễm.<span> </span></span><span>Nó dễ dàng được áp dụng với cấu trúc mềm, kem của nó và ứng dụng linh hoạt.<span> </span></span><span>Đừng đóng môi của bạn trong khi chờ đợi thời gian khô.<span> </span></span><span>Dễ dàng làm sạch với Double Phase Make-Up Cleaner.</span>",Golden Rose,Son Môi,"",true,Color,06,,,,,Lips00010,0,,1,deny,manual,250000,,true,true,"",https://cdn.shopify.com/s/files/1/2935/3636/products/DSC_0084.jpg?v=1520146547,1,,false,,,,,,,,,,,,,,,,https://cdn.shopify.com/s/files/1/2935/3636/products/gr-longstay-liquid-matte-lipstick-06.jpg?v=1520146547,g,
son-kem-lau-phai,,,,,,,,15,,,,,Lips00011,0,,0,deny,manual,250000,,true,true,"",https://cdn.shopify.com/s/files/1/2935/3636/products/gr-longstay-liquid-matte-lipstick-06.jpg?v=1520146547,2,,,,,,,,,,,,,,,,,,https://cdn.shopify.com/s/files/1/2935/3636/products/gr-longstay-liquid-matte-lipstick-3013-72-B.jpg?v=1520146983,g,
son-kem-lau-phai,,,,,,,,18,,,,,Lips00012,0,,0,deny,manual,250000,,true,true,"",https://cdn.shopify.com/s/files/1/2935/3636/products/gr-longstay-liquid-matte-lipstick-18.jpg?v=1520146547,3,,,,,,,,,,,,,,,,,,https://cdn.shopify.com/s/files/1/2935/3636/products/gr-longstay-liquid-matte-lipstick-18.jpg?v=1520146547,g,
son-kem-lau-phai,,,,,,,,19,,,,,Lips00013,0,,0,deny,manual,250000,,true,true,"",https://cdn.shopify.com/s/files/1/2935/3636/products/gr-longstay-liquid-matte-lipstick-19.jpg?v=1520146547,4,,,,,,,,,,,,,,,,,,https://cdn.shopify.com/s/files/1/2935/3636/products/gr-longstay-liquid-matte-lipstick-19.jpg?v=1520146547,g,
son-kem-lau-phai,,,,,,,,,,,,,,,,,,,,,,,,https://cdn.shopify.com/s/files/1/2935/3636/products/gr-longstay-liquid-matte-lipstick-3013-72-B.jpg?v=1520146983,5,,,,,,,,,,,,,,,,,,,,
son-li-lau-phai-pastel,Son lì lâu phai Pastel,"<span>Cho đôi môi mượt mà như nhung và và lâu phai.27 tông màu nổi bật, theo khuynh hướng thời trang. Độ dưỡng cao, giúp môi luôn mềm mọng không làm năng môi.</span>",Pastel,Son Môi,"",true,Color,585,,,,,"",0,,1,deny,manual,220000,,true,true,"",https://cdn.shopify.com/s/files/1/2935/3636/products/Nude-mat-585.jpg?v=1519862506,1,,false,,,,,,,,,,,,,,,,https://cdn.shopify.com/s/files/1/2935/3636/products/Nude-mat-585.jpg?v=1519862506,g,
son-li-lau-phai-pastel,,,,,,,,586,,,,,"",0,,0,deny,manual,220000,,true,true,"",https://cdn.shopify.com/s/files/1/2935/3636/products/Nude-Mat-586.jpg?v=1519862507,2,,,,,,,,,,,,,,,,,,https://cdn.shopify.com/s/files/1/2935/3636/products/Nude-Mat-586.jpg?v=1519862507,g,
son-li-lau-phai-pastel,,,,,,,,587,,,,,"",0,,0,deny,manual,220000,,true,true,"",https://cdn.shopify.com/s/files/1/2935/3636/products/Nude-Mat-587.jpg?v=1519862508,3,,,,,,,,,,,,,,,,,,https://cdn.shopify.com/s/files/1/2935/3636/products/Nude-Mat-587.jpg?v=1519862508,g,
son-li-lau-phai-pastel,,,,,,,,588,,,,,"",0,,0,deny,manual,220000,,true,true,"",https://cdn.shopify.com/s/files/1/2935/3636/products/Nude-Mat-588.jpg?v=1519862509,4,,,,,,,,,,,,,,,,,,https://cdn.shopify.com/s/files/1/2935/3636/products/Nude-Mat-588.jpg?v=1519862509,g,
son-li-lau-phai-pastel,,,,,,,,589,,,,,"",0,,0,deny,manual,220000,,true,true,"",https://cdn.shopify.com/s/files/1/2935/3636/products/Nude-Mat-589.jpg?v=1519862510,5,,,,,,,,,,,,,,,,,,https://cdn.shopify.com/s/files/1/2935/3636/products/Nude-Mat-589.jpg?v=1519862510,g,
son-li-lau-phai-pastel,,,,,,,,590,,,,,"",0,,0,deny,manual,220000,,true,true,"",https://cdn.shopify.com/s/files/1/2935/3636/products/Nude-Mat-590.jpg?v=1519862510,6,,,,,,,,,,,,,,,,,,https://cdn.shopify.com/s/files/1/2935/3636/products/Nude-Mat-590.jpg?v=1519862510,g,
son-li-lau-phai-pastel,,,,,,,,591,,,,,"",0,,0,deny,manual,220000,,true,true,"",https://cdn.shopify.com/s/files/1/2935/3636/products/Nude-Mat-591.jpg?v=1519862511,7,,,,,,,,,,,,,,,,,,https://cdn.shopify.com/s/files/1/2935/3636/products/Nude-Mat-591.jpg?v=1519862511,g,
son-li-lau-phai-pastel,,,,,,,,592,,,,,"",0,,0,deny,manual,220000,,true,true,"",https://cdn.shopify.com/s/files/1/2935/3636/products/Nude-Mat-592.jpg?v=1519862512,8,,,,,,,,,,,,,,,,,,https://cdn.shopify.com/s/files/1/2935/3636/products/Nude-Mat-592.jpg?v=1519862512,g,
son-li-lau-phai-pastel,,,,,,,,551,,,,,"",0,,0,deny,manual,220000,,true,true,"",https://cdn.shopify.com/s/files/1/2935/3636/products/Pastel-Ruj-551-R.jpg?v=1519862513,9,,,,,,,,,,,,,,,,,,https://cdn.shopify.com/s/files/1/2935/3636/products/Pastel-Ruj-551-R.jpg?v=1519862513,g,
son-li-lau-phai-pastel,,,,,,,,552,,,,,"",0,,0,deny,manual,220000,,true,true,"",https://cdn.shopify.com/s/files/1/2935/3636/products/Pastel-Ruj-552-R.jpg?v=1519862513,10,,,,,,,,,,,,,,,,,,https://cdn.shopify.com/s/files/1/2935/3636/products/Pastel-Ruj-552-R.jpg?v=1519862513,g,
son-li-lau-phai-pastel,,,,,,,,553,,,,,"",0,,0,deny,manual,220000,,true,true,"",https://cdn.shopify.com/s/files/1/2935/3636/products/Pastel-Ruj-553-R.jpg?v=1519862514,11,,,,,,,,,,,,,,,,,,https://cdn.shopify.com/s/files/1/2935/3636/products/Pastel-Ruj-553-R.jpg?v=1519862514,g,
son-li-lau-phai-pastel,,,,,,,,554,,,,,"",0,,0,deny,manual,220000,,true,true,"",https://cdn.shopify.com/s/files/1/2935/3636/products/Pastel-Ruj-554-R.jpg?v=1519862515,12,,,,,,,,,,,,,,,,,,https://cdn.shopify.com/s/files/1/2935/3636/products/Pastel-Ruj-554-R.jpg?v=1519862515,g,
son-li-lau-phai-pastel,,,,,,,,555,,,,,"",0,,0,deny,manual,220000,,true,true,"",https://cdn.shopify.com/s/files/1/2935/3636/products/Pastel-Ruj-555-R.jpg?v=1519862516,13,,,,,,,,,,,,,,,,,,https://cdn.shopify.com/s/files/1/2935/3636/products/Nude-Mat-587.jpg?v=1519862508,g,
son-li-lau-phai-pastel,,,,,,,,556,,,,,"",0,,0,deny,manual,220000,,true,true,"",https://cdn.shopify.com/s/files/1/2935/3636/products/Pastel-Ruj-556-R.jpg?v=1519862516,14,,,,,,,,,,,,,,,,,,https://cdn.shopify.com/s/files/1/2935/3636/products/Pastel-Ruj-556-R.jpg?v=1519862516,g,
son-li-lau-phai-pastel,,,,,,,,557,,,,,"",0,,0,deny,manual,220000,,true,true,"",https://cdn.shopify.com/s/files/1/2935/3636/products/Pastel-Ruj-557-R.jpg?v=1519862517,15,,,,,,,,,,,,,,,,,,https://cdn.shopify.com/s/files/1/2935/3636/products/Pastel-Ruj-557-R.jpg?v=1519862517,g,
son-li-lau-phai-pastel,,,,,,,,558,,,,,"",0,,0,deny,manual,220000,,true,true,"",https://cdn.shopify.com/s/files/1/2935/3636/products/Pastel-Ruj-558-2-R.jpg?v=1519862518,16,,,,,,,,,,,,,,,,,,https://cdn.shopify.com/s/files/1/2935/3636/products/Pastel-Ruj-558-2-R.jpg?v=1519862518,g,
son-li-lau-phai-pastel,,,,,,,,567,,,,,"",0,,0,deny,manual,220000,,true,true,"",https://cdn.shopify.com/s/files/1/2935/3636/products/Pastel-Ruj-565_10125-RRR.jpg?v=1519862519,17,,,,,,,,,,,,,,,,,,https://cdn.shopify.com/s/files/1/2935/3636/products/Pastel-Ruj-567_10121-RRR.jpg?v=1519862520,g,
son-li-lau-phai-pastel,,,,,,,,569,,,,,"",0,,0,deny,manual,220000,,true,true,"",https://cdn.shopify.com/s/files/1/2935/3636/products/Pastel-Ruj-567_10121-RRR.jpg?v=1519862520,18,,,,,,,,,,,,,,,,,,https://cdn.shopify.com/s/files/1/2935/3636/products/Pastel-Ruj-569_10126-RRR.jpg?v=1519862522,g,
son-li-lau-phai-pastel,,,,,,,,565,,,,,"",0,,0,deny,manual,220000,,true,true,"",https://cdn.shopify.com/s/files/1/2935/3636/products/Pastel-Ruj-568_10122-RRR.jpg?v=1519862521,19,,,,,,,,,,,,,,,,,,https://cdn.shopify.com/s/files/1/2935/3636/products/Pastel-Ruj-565_10125-RRR.jpg?v=1519862519,g,
son-li-lau-phai-pastel,,,,,,,,570,,,,,"",0,,0,deny,manual,220000,,true,true,"",https://cdn.shopify.com/s/files/1/2935/3636/products/Pastel-Ruj-569_10126-RRR.jpg?v=1519862522,20,,,,,,,,,,,,,,,,,,https://cdn.shopify.com/s/files/1/2935/3636/products/Pastel-Ruj-570_10124-RRR.jpg?v=1519862522,g,
son-li-lau-phai-pastel,,,,,,,,572,,,,,"",0,,0,deny,manual,220000,,true,true,"",https://cdn.shopify.com/s/files/1/2935/3636/products/Pastel-Ruj-570_10124-RRR.jpg?v=1519862522,21,,,,,,,,,,,,,,,,,,https://cdn.shopify.com/s/files/1/2935/3636/products/Pastel-Ruj-572_10123-RRRR.jpg?v=1519862524,g,
son-li-lau-phai-pastel,,,,,,,,575,,,,,"",0,,1,deny,manual,220000,,true,true,"",https://cdn.shopify.com/s/files/1/2935/3636/products/Pastel-Ruj-571_10116-RRR.jpg?v=1519862523,22,,,,,,,,,,,,,,,,,,https://cdn.shopify.com/s/files/1/2935/3636/products/575.jpg?v=1519894399,g,
son-li-lau-phai-pastel,,,,,,,,574,,,,,"",0,,1,deny,manual,220000,,true,true,"",https://cdn.shopify.com/s/files/1/2935/3636/products/Pastel-Ruj-572_10123-RRRR.jpg?v=1519862524,23,,,,,,,,,,,,,,,,,,https://cdn.shopify.com/s/files/1/2935/3636/products/574.jpg?v=1519894473,g,
son-li-lau-phai-pastel,,,,,,,,,,,,,,,,,,,,,,,,https://cdn.shopify.com/s/files/1/2935/3636/products/son_nude_58.jpg?v=1519862525,24,,,,,,,,,,,,,,,,,,,,
son-li-lau-phai-pastel,,,,,,,,,,,,,,,,,,,,,,,,https://cdn.shopify.com/s/files/1/2935/3636/products/575.jpg?v=1519894399,25,,,,,,,,,,,,,,,,,,,,
son-li-lau-phai-pastel,,,,,,,,,,,,,,,,,,,,,,,,https://cdn.shopify.com/s/files/1/2935/3636/products/574.jpg?v=1519894473,26,,,,,,,,,,,,,,,,,,,,
son-li-sieu-mịn,Son lì siêu mịn,"<div class=""box col-4 a-center"">Golden Rose Velvet Matte Lipstick dễ dàng được áp dụng với cấu trúc mềm, mờ và mềm;<span> </span>tính năng niêm phong thâm canh giúp cho đôi môi trông đẹp hơn và trơn tru hơn.<span> </span>Các chất làm ẩm mạnh mẽ và vitamin E chứa môi và ngăn ngừa khô.<span> </span>Paraben tự do, da liễu thử nghiệm.<span> </span>Nó có 39 màu lựa chọn hoàn hảo cho tất cả các loại trang điểm và da.<span> </span>Một loại son môi hoàn hảo để có đôi môi đầy đặn và quyến rũ suốt cả ngày.</div>",Golden Rose,Son Môi,"",true,Color,18,,,,,Lips00027,0,,1,deny,manual,185000,,true,true,"",https://cdn.shopify.com/s/files/1/2935/3636/products/son_li_15.jpg?v=1519898664,1,,false,,,,,,,,,,,,,,,,https://cdn.shopify.com/s/files/1/2935/3636/products/son_li_18.jpg?v=1519898666,g,
son-li-sieu-mịn,,,,,,,,21,,,,,Lips00028,0,,0,deny,manual,185000,,true,true,"",https://cdn.shopify.com/s/files/1/2935/3636/products/son_li_18.jpg?v=1519898666,2,,,,,,,,,,,,,,,,,,https://cdn.shopify.com/s/files/1/2935/3636/products/velvet-matte-lipstick-21.jpg?v=1519898666,g,
son-li-sieu-mịn,,,,,,,,26,,,,,Lips00029,0,,0,deny,manual,185000,,true,true,"",https://cdn.shopify.com/s/files/1/2935/3636/products/velvet-matte-lipstick-21.jpg?v=1519898666,3,,,,,,,,,,,,,,,,,,https://cdn.shopify.com/s/files/1/2935/3636/products/velvet-matte-lipstick-26.jpg?v=1519898667,g,
son-li-sieu-mịn,,,,,,,,36,,,,,Lips00030,0,,0,deny,manual,185000,,true,true,"",https://cdn.shopify.com/s/files/1/2935/3636/products/velvet-matte-lipstick-26.jpg?v=1519898667,4,,,,,,,,,,,,,,,,,,https://cdn.shopify.com/s/files/1/2935/3636/products/velvet-matte-lipstick-36.jpg?v=1519898668,g,
son-li-sieu-mịn,,,,,,,,37,,,,,Lips00031,0,,0,deny,manual,185000,,true,true,"",https://cdn.shopify.com/s/files/1/2935/3636/products/velvet-matte-lipstick-36.jpg?v=1519898668,5,,,,,,,,,,,,,,,,,,https://cdn.shopify.com/s/files/1/2935/3636/products/velvet-matte-lipstick-37.jpg?v=1519898669,g,
son-li-sieu-mịn,,,,,,,,,,,,,,,,,,,,,,,,https://cdn.shopify.com/s/files/1/2935/3636/products/velvet-matte-lipstick-37.jpg?v=1519898669,6,,,,,,,,,,,,,,,,,,,,
son-lỳ-dạng-but-chi,Son lỳ dạng bút chì,"<ul id=""prod-left"">
<li id=""boxscroll"" tabindex=""5000""><span>Golden Rose Matte Lipstick Crayon dễ dàng được áp dụng với công thức mềm, mờ, mềm mại và đặc tính che phủ dày đặc.<span> </span>Các chất làm ẩm mạnh mẽ và vitamin E chứa môi và ngăn ngừa khô.<span> </span>Paraben tự do, da liễu thử nghiệm.<span> </span>Nó có 21 lựa chọn màu sắc tuyệt vời cho tất cả các loại trang điểm và da.</span></li>
</ul>",Golden Rose,Son Môi,"",true,Color,08,,,,,Lips00018,0,,1,deny,manual,125000,,true,true,"",https://cdn.shopify.com/s/files/1/2935/3636/products/Son_d_ng_but_chi.jpg?v=1519899869,1,,false,,,,,,,,,,,,,,,,https://cdn.shopify.com/s/files/1/2935/3636/products/matte-lipstick-crayon-08.jpg?v=1519899869,g,
son-lỳ-dạng-but-chi,,,,,,,,14,,,,,Lips00019,0,,0,deny,manual,125000,,true,true,"",https://cdn.shopify.com/s/files/1/2935/3636/products/matte-lipstick-crayon-08.jpg?v=1519899869,2,,,,,,,,,,,,,,,,,,https://cdn.shopify.com/s/files/1/2935/3636/products/matte-lipstick-crayon-14.jpg?v=1519899869,g,
son-lỳ-dạng-but-chi,,,,,,,,16,,,,,Lips00020,0,,0,deny,manual,125000,,true,true,"",https://cdn.shopify.com/s/files/1/2935/3636/products/matte-lipstick-crayon-14.jpg?v=1519899869,3,,,,,,,,,,,,,,,,,,https://cdn.shopify.com/s/files/1/2935/3636/products/matte-lipstick-crayon-16.jpg?v=1519899869,g,
son-lỳ-dạng-but-chi,,,,,,,,17,,,,,Lips00021,0,,0,deny,manual,125000,,true,true,"",https://cdn.shopify.com/s/files/1/2935/3636/products/matte-lipstick-crayon-16.jpg?v=1519899869,4,,,,,,,,,,,,,,,,,,https://cdn.shopify.com/s/files/1/2935/3636/products/matte-lipstick-crayon-17.jpg?v=1519899869,g,
son-lỳ-dạng-but-chi,,,,,,,,,,,,,,,,,,,,,,,,https://cdn.shopify.com/s/files/1/2935/3636/products/matte-lipstick-crayon-17.jpg?v=1519899869,5,,,,,,,,,,,,,,,,,,,,
sơn-mong-tay-nude-pastel,Sơn móng tay NUDE Pastel,"<p class=""""><span><span>Xu hướng mới của Podiums NUDE! NUDE có nghĩa là ""tươi mới, tự nhiên và lành mạnh xuất hiện""; tượng trưng cho tính tự nhiên, lãng mạn và vương quốc với 17 lựa chọn màu sắc khác nhau đang thu hút lẫn nhau. Nếu bạn thích theo thời trang và tận hưởng thiên nhiên, bạn sẽ không thể từ bỏ NUDE.</span></span></p>
<p class=""""><span><span>Pastel Nude không chứa 4 chất gây hại cho sức khoẻ: Toluene, DBP, Camphor, Formaldehyde Resin</span></span></p>",Pastel,Sơn Móng,"",true,Color,101,,,,,Nail00101,0,,1,deny,manual,55000,,true,true,"",https://cdn.shopify.com/s/files/1/2935/3636/products/nail_nude.jpg?v=1520149360,1,,false,,,,,,,,,,,,,,,,https://cdn.shopify.com/s/files/1/2935/3636/products/nude-oje-101-caramel-05fc.jpg?v=1520149360,lb,
sơn-mong-tay-nude-pastel,,,,,,,,106,,,,,Nail00106,0,,0,deny,manual,55000,,true,true,"",https://cdn.shopify.com/s/files/1/2935/3636/products/FB_20170509_10_10_30_Saved_Picture.jpg?v=1520149360,2,,,,,,,,,,,,,,,,,,https://cdn.shopify.com/s/files/1/2935/3636/products/Nude-Oje-106-Blush-34ce.jpg?v=1520149360,lb,
sơn-mong-tay-nude-pastel,,,,,,,,750,,,,,Nail00750,0,,0,deny,manual,55000,,true,true,"",https://cdn.shopify.com/s/files/1/2935/3636/products/nail_106.jpg?v=1520149360,3,,,,,,,,,,,,,,,,,,https://cdn.shopify.com/s/files/1/2935/3636/products/nude-oje-750-camel-18c1.jpg?v=1520149360,lb,
sơn-mong-tay-nude-pastel,,,,,,,,751,,,,,Nail00751,0,,0,deny,manual,55000,,true,true,"",https://cdn.shopify.com/s/files/1/2935/3636/products/nail_751.jpg?v=1520149360,4,,,,,,,,,,,,,,,,,,https://cdn.shopify.com/s/files/1/2935/3636/products/Nude-Oje-751-Bride-774e.jpg?v=1520149360,lb,
sơn-mong-tay-nude-pastel,,,,,,,,752,,,,,Nail00752,0,,0,deny,manual,55000,,true,true,"",https://cdn.shopify.com/s/files/1/2935/3636/products/nail_756.jpg?v=1520149360,5,,,,,,,,,,,,,,,,,,https://cdn.shopify.com/s/files/1/2935/3636/products/Nude-Oje-752-Rose-548a.jpg?v=1520149360,lb,
sơn-mong-tay-nude-pastel,,,,,,,,753,,,,,Nail00753,0,,0,deny,manual,55000,,true,true,"",https://cdn.shopify.com/s/files/1/2935/3636/products/nail_753.jpg?v=1520149360,6,,,,,,,,,,,,,,,,,,https://cdn.shopify.com/s/files/1/2935/3636/products/nude-oje-753-cream-bff2.jpg?v=1520149360,lb,
sơn-mong-tay-nude-pastel,,,,,,,,754,,,,,Nail00754,0,,0,deny,manual,55000,,true,true,"",https://cdn.shopify.com/s/files/1/2935/3636/products/nail_760.jpg?v=1520149360,7,,,,,,,,,,,,,,,,,,https://cdn.shopify.com/s/files/1/2935/3636/products/nude-oje-754-naked-b099.jpg?v=1520149360,lb,
sơn-mong-tay-nude-pastel,,,,,,,,755,,,,,Nail00755,0,,0,deny,manual,55000,,true,true,"",https://cdn.shopify.com/s/files/1/2935/3636/products/nude-oje-101-caramel-05fc.jpg?v=1520149360,8,,,,,,,,,,,,,,,,,,https://cdn.shopify.com/s/files/1/2935/3636/products/Nude-Oje-755-Beige-5b95.jpg?v=1520149360,lb,
sơn-mong-tay-nude-pastel,,,,,,,,756,,,,,Nail00756,0,,0,deny,manual,55000,,true,true,"",https://cdn.shopify.com/s/files/1/2935/3636/products/Nude-Oje-106-Blush-34ce.jpg?v=1520149360,9,,,,,,,,,,,,,,,,,,https://cdn.shopify.com/s/files/1/2935/3636/products/Nude-Oje-756-Princess-6f4a.jpg?v=1520149360,lb,
sơn-mong-tay-nude-pastel,,,,,,,,758,,,,,Nail00758,0,,0,deny,manual,55000,,true,true,"",https://cdn.shopify.com/s/files/1/2935/3636/products/nude-oje-750-camel-18c1.jpg?v=1520149360,10,,,,,,,,,,,,,,,,,,https://cdn.shopify.com/s/files/1/2935/3636/products/nude-oje-758-bone-739e.jpg?v=1520149360,lb,
sơn-mong-tay-nude-pastel,,,,,,,,759,,,,,Nail00759,0,,0,deny,manual,55000,,true,true,"",https://cdn.shopify.com/s/files/1/2935/3636/products/Nude-Oje-751-Bride-774e.jpg?v=1520149360,11,,,,,,,,,,,,,,,,,,https://cdn.shopify.com/s/files/1/2935/3636/products/nude-oje-759-buff-d73f.jpg?v=1520149360,lb,
sơn-mong-tay-nude-pastel,,,,,,,,760,,,,,Nail00760,0,,0,deny,manual,55000,,true,true,"",https://cdn.shopify.com/s/files/1/2935/3636/products/Nude-Oje-752-Rose-548a.jpg?v=1520149360,12,,,,,,,,,,,,,,,,,,https://cdn.shopify.com/s/files/1/2935/3636/products/nude-oje-760-stone-dd0f.jpg?v=1520149360,lb,
sơn-mong-tay-nude-pastel,,,,,,,,762,,,,,Nail00762,0,,0,deny,manual,55000,,true,true,"",https://cdn.shopify.com/s/files/1/2935/3636/products/nude-oje-753-cream-bff2.jpg?v=1520149360,13,,,,,,,,,,,,,,,,,,https://cdn.shopify.com/s/files/1/2935/3636/products/Nude-Oje-762-Kind-d01c.jpg?v=1520149360,lb,
sơn-mong-tay-nude-pastel,,,,,,,,763,,,,,Nail00763,0,,0,deny,manual,55000,,true,true,"",https://cdn.shopify.com/s/files/1/2935/3636/products/nude-oje-754-naked-b099.jpg?v=1520149360,14,,,,,,,,,,,,,,,,,,https://cdn.shopify.com/s/files/1/2935/3636/products/nude-oje-763-dust-119c.jpg?v=1520149360,lb,
sơn-mong-tay-nude-pastel,,,,,,,,764,,,,,Nail00764,0,,0,deny,manual,55000,,true,true,"",https://cdn.shopify.com/s/files/1/2935/3636/products/Nude-Oje-755-Beige-5b95.jpg?v=1520149360,15,,,,,,,,,,,,,,,,,,https://cdn.shopify.com/s/files/1/2935/3636/products/Nude-Oje-764-Mist-64fd.jpg?v=1520149360,lb,
sơn-mong-tay-nude-pastel,,,,,,,,765,,,,,Nail00765,0,,0,deny,manual,55000,,true,true,"",https://cdn.shopify.com/s/files/1/2935/3636/products/Nude-Oje-756-Princess-6f4a.jpg?v=1520149360,16,,,,,,,,,,,,,,,,,,https://cdn.shopify.com/s/files/1/2935/3636/products/nude-oje-765-milkshake-02b9.jpg?v=1520149360,lb,
sơn-mong-tay-nude-pastel,,,,,,,,757,,,,,Nail00757,0,,0,deny,manual,55000,,true,true,"",https://cdn.shopify.com/s/files/1/2935/3636/products/nude-oje-757-grege-6ed0.jpg?v=1520149360,17,,,,,,,,,,,,,,,,,,https://cdn.shopify.com/s/files/1/2935/3636/products/nude-oje-757-grege-6ed0.jpg?v=1520149360,lb,
sơn-mong-tay-nude-pastel,,,,,,,,,,,,,,,,,,,,,,,,https://cdn.shopify.com/s/files/1/2935/3636/products/nude-oje-758-bone-739e.jpg?v=1520149360,18,,,,,,,,,,,,,,,,,,,,
sơn-mong-tay-nude-pastel,,,,,,,,,,,,,,,,,,,,,,,,https://cdn.shopify.com/s/files/1/2935/3636/products/nude-oje-759-buff-d73f.jpg?v=1520149360,19,,,,,,,,,,,,,,,,,,,,
sơn-mong-tay-nude-pastel,,,,,,,,,,,,,,,,,,,,,,,,https://cdn.shopify.com/s/files/1/2935/3636/products/nude-oje-760-stone-dd0f.jpg?v=1520149360,20,,,,,,,,,,,,,,,,,,,,
sơn-mong-tay-nude-pastel,,,,,,,,,,,,,,,,,,,,,,,,https://cdn.shopify.com/s/files/1/2935/3636/products/nude-oje-761-suet-73fd.jpg?v=1520149360,21,,,,,,,,,,,,,,,,,,,,
sơn-mong-tay-nude-pastel,,,,,,,,,,,,,,,,,,,,,,,,https://cdn.shopify.com/s/files/1/2935/3636/products/Nude-Oje-762-Kind-d01c.jpg?v=1520149360,22,,,,,,,,,,,,,,,,,,,,
sơn-mong-tay-nude-pastel,,,,,,,,,,,,,,,,,,,,,,,,https://cdn.shopify.com/s/files/1/2935/3636/products/nude-oje-763-dust-119c.jpg?v=1520149360,23,,,,,,,,,,,,,,,,,,,,
sơn-mong-tay-nude-pastel,,,,,,,,,,,,,,,,,,,,,,,,https://cdn.shopify.com/s/files/1/2935/3636/products/Nude-Oje-764-Mist-64fd.jpg?v=1520149360,24,,,,,,,,,,,,,,,,,,,,
sơn-mong-tay-nude-pastel,,,,,,,,,,,,,,,,,,,,,,,,https://cdn.shopify.com/s/files/1/2935/3636/products/nude-oje-765-milkshake-02b9.jpg?v=1520149360,25,,,,,,,,,,,,,,,,,,,,
sơn-mong-tay-pastel-oje,Sơn Móng Tay Pastel (OJE),"<span><font style=""vertical-align: inherit;""><font style=""vertical-align: inherit;"">Móng tay cũng cần trang điểm và bảo vệ. </font></font><span> </span></span><span><font style=""vertical-align: inherit;""><font style=""vertical-align: inherit;"">Với màu sắc nổi bật và chất lượng vượt trội, Pastel Nail Polish cho thấy tay cầm và tay cử chỉ của bạn. </font></font><span> </span></span><span><font style=""vertical-align: inherit;""><font style=""vertical-align: inherit;"">Thuốc mỡ pastel không chứa 4 chất gây hại cho sức khoẻ: Toluene, DBP, Camphor, Formaldehyde Resin</font></font></span>",Pastel,Sơn Móng,"",true,Color,01,,,,,Nail00001,0,,1,deny,manual,55000,,true,true,"",https://cdn.shopify.com/s/files/1/2935/3636/products/oje-1-c5f2.jpg?v=1520252711,1,,false,,,,,,,,,,,,,,,,https://cdn.shopify.com/s/files/1/2935/3636/products/oje-1-c5f2.jpg?v=1520252711,lb,
sơn-mong-tay-pastel-oje,,,,,,,,07,,,,,Nail00007,0,,0,deny,manual,55000,,true,true,"",https://cdn.shopify.com/s/files/1/2935/3636/products/oje-7-6bd3.jpg?v=1520254373,2,,,,,,,,,,,,,,,,,,https://cdn.shopify.com/s/files/1/2935/3636/products/oje-7-6bd3.jpg?v=1520254373,lb,
sơn-mong-tay-pastel-oje,,,,,,,,08,,,,,Nail00008,0,,0,deny,manual,55000,,true,true,"",https://cdn.shopify.com/s/files/1/2935/3636/products/oje-8-04c0.jpg?v=1520254486,3,,,,,,,,,,,,,,,,,,https://cdn.shopify.com/s/files/1/2935/3636/products/oje-8-04c0.jpg?v=1520254486,lb,
sơn-mong-tay-pastel-oje,,,,,,,,09,,,,,Nail00009,0,,0,deny,manual,55000,,true,true,"",https://cdn.shopify.com/s/files/1/2935/3636/products/oje-9-4e1c.jpg?v=1520151334,4,,,,,,,,,,,,,,,,,,https://cdn.shopify.com/s/files/1/2935/3636/products/oje-9-4e1c.jpg?v=1520151334,lb,
sơn-mong-tay-pastel-oje,,,,,,,,10,,,,,Nail00010,0,,0,deny,manual,55000,,true,true,"",https://cdn.shopify.com/s/files/1/2935/3636/products/oje-9-4e1c_3609d6c0-19e4-43ff-b5ba-387494272943.jpg?v=1520151388,5,,,,,,,,,,,,,,,,,,https://cdn.shopify.com/s/files/1/2935/3636/products/oje-10-e90a.jpg?v=1520151443,lb,
sơn-mong-tay-pastel-oje,,,,,,,,100,,,,,Nail00100,0,,0,deny,manual,55000,,true,true,"",https://cdn.shopify.com/s/files/1/2935/3636/products/oje-10-e90a.jpg?v=1520151443,6,,,,,,,,,,,,,,,,,,https://cdn.shopify.com/s/files/1/2935/3636/products/oje-100-2597.jpg?v=1520151474,lb,
sơn-mong-tay-pastel-oje,,,,,,,,102,,,,,Nail00102,0,,0,deny,manual,55000,,true,true,"",https://cdn.shopify.com/s/files/1/2935/3636/products/oje-100-2597.jpg?v=1520151474,7,,,,,,,,,,,,,,,,,,https://cdn.shopify.com/s/files/1/2935/3636/products/Oje-102-f13a.jpg?v=1520151509,lb,
sơn-mong-tay-pastel-oje,,,,,,,,103,,,,,Nail00103,0,,0,deny,manual,55000,,true,true,"",https://cdn.shopify.com/s/files/1/2935/3636/products/Oje-102-f13a.jpg?v=1520151509,8,,,,,,,,,,,,,,,,,,https://cdn.shopify.com/s/files/1/2935/3636/products/oje-103-0df8.jpg?v=1520151542,lb,
sơn-mong-tay-pastel-oje,,,,,,,,11,,,,,Nail00011,0,,0,deny,manual,55000,,true,true,"",https://cdn.shopify.com/s/files/1/2935/3636/products/oje-103-0df8.jpg?v=1520151542,9,,,,,,,,,,,,,,,,,,https://cdn.shopify.com/s/files/1/2935/3636/products/oje-11-7fe1.jpg?v=1520151578,lb,
sơn-mong-tay-pastel-oje,,,,,,,,110,,,,,Nail00110,0,,0,deny,manual,55000,,true,true,"",https://cdn.shopify.com/s/files/1/2935/3636/products/oje-11-7fe1.jpg?v=1520151578,10,,,,,,,,,,,,,,,,,,https://cdn.shopify.com/s/files/1/2935/3636/products/oje-13-a213.jpg?v=1520151623,lb,
sơn-mong-tay-pastel-oje,,,,,,,,112,,,,,Nail00112,0,,0,deny,manual,55000,,true,true,"",https://cdn.shopify.com/s/files/1/2935/3636/products/oje-13-a213.jpg?v=1520151623,11,,,,,,,,,,,,,,,,,,https://cdn.shopify.com/s/files/1/2935/3636/products/oje-12-1d60.jpg?v=1520151775,lb,
sơn-mong-tay-pastel-oje,,,,,,,,113,,,,,Nail00113,0,,0,deny,manual,55000,,true,true,"",https://cdn.shopify.com/s/files/1/2935/3636/products/oje-12-1d60.jpg?v=1520151775,12,,,,,,,,,,,,,,,,,,https://cdn.shopify.com/s/files/1/2935/3636/products/oje-13-a213.jpg?v=1520151623,lb,
sơn-mong-tay-pastel-oje,,,,,,,,114,,,,,Nail00114,0,,0,deny,manual,55000,,true,true,"",https://cdn.shopify.com/s/files/1/2935/3636/products/oje-14-2ba8.jpg?v=1520151802,13,,,,,,,,,,,,,,,,,,https://cdn.shopify.com/s/files/1/2935/3636/products/oje-14-2ba8.jpg?v=1520151802,lb,
sơn-mong-tay-pastel-oje,,,,,,,,116,,,,,Nail00116,0,,0,deny,manual,55000,,true,true,"",https://cdn.shopify.com/s/files/1/2935/3636/products/oje-116-68a6.jpg?v=1520151832,14,,,,,,,,,,,,,,,,,,https://cdn.shopify.com/s/files/1/2935/3636/products/oje-116-68a6.jpg?v=1520151832,lb,
sơn-mong-tay-pastel-oje,,,,,,,,119,,,,,Nail00119,0,,0,deny,manual,55000,,true,true,"",https://cdn.shopify.com/s/files/1/2935/3636/products/oje-119-5166.jpg?v=1520151895,15,,,,,,,,,,,,,,,,,,https://cdn.shopify.com/s/files/1/2935/3636/products/oje-119-5166.jpg?v=1520151895,lb,
sơn-mong-tay-pastel-oje,,,,,,,,120,,,,,Nail00120,0,,0,deny,manual,55000,,true,true,"",https://cdn.shopify.com/s/files/1/2935/3636/products/oje-120-998c.jpg?v=1520151927,16,,,,,,,,,,,,,,,,,,https://cdn.shopify.com/s/files/1/2935/3636/products/oje-120-998c.jpg?v=1520151927,lb,
sơn-mong-tay-pastel-oje,,,,,,,,127,,,,,Nail00127,0,,0,deny,manual,55000,,true,true,"",https://cdn.shopify.com/s/files/1/2935/3636/products/oje-225-2662.jpg?v=1520152028,17,,,,,,,,,,,,,,,,,,https://cdn.shopify.com/s/files/1/2935/3636/products/oje-127-ce59.jpg?v=1520152316,lb,
sơn-mong-tay-pastel-oje,,,,,,,,13,,,,,Nail00013,0,,0,deny,manual,55000,,true,true,"",https://cdn.shopify.com/s/files/1/2935/3636/products/oje-226-41b2.jpg?v=1520152029,18,,,,,,,,,,,,,,,,,,https://cdn.shopify.com/s/files/1/2935/3636/products/oje-9-4e1c_3609d6c0-19e4-43ff-b5ba-387494272943.jpg?v=1520151388,lb,
sơn-mong-tay-pastel-oje,,,,,,,,130,,,,,Nail00130,0,,0,deny,manual,55000,,true,true,"",https://cdn.shopify.com/s/files/1/2935/3636/products/oje-227-1322.jpg?v=1520152030,19,,,,,,,,,,,,,,,,,,https://cdn.shopify.com/s/files/1/2935/3636/products/oje-130-f0d7.jpg?v=1520152317,lb,
sơn-mong-tay-pastel-oje,,,,,,,,142,,,,,Nail00142,0,,0,deny,manual,55000,,true,true,"",https://cdn.shopify.com/s/files/1/2935/3636/products/oje-228-23d5.jpg?v=1520152030,20,,,,,,,,,,,,,,,,,,https://cdn.shopify.com/s/files/1/2935/3636/products/oje-142-9a26.jpg?v=1520152318,lb,
sơn-mong-tay-pastel-oje,,,,,,,,149,,,,,Nail00149,0,,0,deny,manual,55000,,true,true,"",https://cdn.shopify.com/s/files/1/2935/3636/products/oje-229-633b.jpg?v=1520152031,21,,,,,,,,,,,,,,,,,,https://cdn.shopify.com/s/files/1/2935/3636/products/oje-149-e24a.jpg?v=1520152319,lb,
sơn-mong-tay-pastel-oje,,,,,,,,15,,,,,Nail00015,0,,0,deny,manual,55000,,true,true,"",https://cdn.shopify.com/s/files/1/2935/3636/products/oje-15-f836.jpg?v=1520152315,22,,,,,,,,,,,,,,,,,,https://cdn.shopify.com/s/files/1/2935/3636/products/oje-9-4e1c_3609d6c0-19e4-43ff-b5ba-387494272943.jpg?v=1520151388,lb,
sơn-mong-tay-pastel-oje,,,,,,,,225,,,,,Nail00225,0,,0,deny,manual,55000,,true,true,"",https://cdn.shopify.com/s/files/1/2935/3636/products/oje-127-ce59.jpg?v=1520152316,23,,,,,,,,,,,,,,,,,,https://cdn.shopify.com/s/files/1/2935/3636/products/oje-225-2662.jpg?v=1520152028,lb,
sơn-mong-tay-pastel-oje,,,,,,,,226,,,,,Nail00226,0,,0,deny,manual,55000,,true,true,"",https://cdn.shopify.com/s/files/1/2935/3636/products/oje-130-f0d7.jpg?v=1520152317,24,,,,,,,,,,,,,,,,,,https://cdn.shopify.com/s/files/1/2935/3636/products/oje-226-41b2.jpg?v=1520152029,lb,
sơn-mong-tay-pastel-oje,,,,,,,,227,,,,,Nail00227,0,,0,deny,manual,55000,,true,true,"",https://cdn.shopify.com/s/files/1/2935/3636/products/oje-142-9a26.jpg?v=1520152318,25,,,,,,,,,,,,,,,,,,https://cdn.shopify.com/s/files/1/2935/3636/products/oje-227-1322.jpg?v=1520152030,lb,
sơn-mong-tay-pastel-oje,,,,,,,,228,,,,,Nail00228,0,,0,deny,manual,55000,,true,true,"",https://cdn.shopify.com/s/files/1/2935/3636/products/oje-149-e24a.jpg?v=1520152319,26,,,,,,,,,,,,,,,,,,https://cdn.shopify.com/s/files/1/2935/3636/products/oje-228-23d5.jpg?v=1520152030,lb,
sơn-mong-tay-pastel-oje,,,,,,,,229,,,,,Nail00229,0,,0,deny,manual,55000,,true,true,"",https://cdn.shopify.com/s/files/1/2935/3636/products/oje-19-bda2.jpg?v=1520152538,27,,,,,,,,,,,,,,,,,,https://cdn.shopify.com/s/files/1/2935/3636/products/oje-229-633b.jpg?v=1520152031,lb,
sơn-mong-tay-pastel-oje,,,,,,,,230,,,,,Nail00230,0,,0,deny,manual,55000,,true,true,"",https://cdn.shopify.com/s/files/1/2935/3636/products/oje-23-54f2.jpg?v=1520152539,28,,,,,,,,,,,,,,,,,,https://cdn.shopify.com/s/files/1/2935/3636/products/oje-9-4e1c_3609d6c0-19e4-43ff-b5ba-387494272943.jpg?v=1520151388,lb,
sơn-mong-tay-pastel-oje,,,,,,,,231,,,,,Nail00231,0,,0,deny,manual,55000,,true,true,"",https://cdn.shopify.com/s/files/1/2935/3636/products/oje-26-f3f6.jpg?v=1520152540,29,,,,,,,,,,,,,,,,,,https://cdn.shopify.com/s/files/1/2935/3636/products/oje-231-2d0e.jpg?v=1520152566,lb,
sơn-mong-tay-pastel-oje,,,,,,,,232,,,,,Nail00232,0,,0,deny,manual,55000,,true,true,"",https://cdn.shopify.com/s/files/1/2935/3636/products/oje-27-c26e.jpg?v=1520152540,30,,,,,,,,,,,,,,,,,,https://cdn.shopify.com/s/files/1/2935/3636/products/oje-232-46c9.jpg?v=1520152567,lb,
sơn-mong-tay-pastel-oje,,,,,,,,233,,,,,Nail00233,0,,0,deny,manual,55000,,true,true,"",https://cdn.shopify.com/s/files/1/2935/3636/products/oje-28-f877.jpg?v=1520152541,31,,,,,,,,,,,,,,,,,,https://cdn.shopify.com/s/files/1/2935/3636/products/oje-233-afea.jpg?v=1520152568,lb,
sơn-mong-tay-pastel-oje,,,,,,,,234,,,,,Nail00234,0,,0,deny,manual,55000,,true,true,"",https://cdn.shopify.com/s/files/1/2935/3636/products/oje-29-b492.jpg?v=1520152542,32,,,,,,,,,,,,,,,,,,https://cdn.shopify.com/s/files/1/2935/3636/products/oje-234-283e.jpg?v=1520152568,lb,
sơn-mong-tay-pastel-oje,,,,,,,,235,,,,,Nail00235,0,,0,deny,manual,55000,,true,true,"",https://cdn.shopify.com/s/files/1/2935/3636/products/oje-30-d013.jpg?v=1520152543,33,,,,,,,,,,,,,,,,,,https://cdn.shopify.com/s/files/1/2935/3636/products/oje-235-3397.jpg?v=1520152569,lb,
sơn-mong-tay-pastel-oje,,,,,,,,236,,,,,Nail00236,0,,0,deny,manual,55000,,true,true,"",https://cdn.shopify.com/s/files/1/2935/3636/products/oje-33-4e7e.jpg?v=1520152544,34,,,,,,,,,,,,,,,,,,https://cdn.shopify.com/s/files/1/2935/3636/products/oje-236-dd8f.jpg?v=1520152570,lb,
sơn-mong-tay-pastel-oje,,,,,,,,237,,,,,Nail00237,0,,0,deny,manual,55000,,true,true,"",https://cdn.shopify.com/s/files/1/2935/3636/products/oje-37-0bb2.jpg?v=1520152544,35,,,,,,,,,,,,,,,,,,https://cdn.shopify.com/s/files/1/2935/3636/products/oje-237-1f55.jpg?v=1520152571,lb,
sơn-mong-tay-pastel-oje,,,,,,,,238,,,,,Nail00238,0,,0,deny,manual,55000,,true,true,"",https://cdn.shopify.com/s/files/1/2935/3636/products/oje-38-eacf.jpg?v=1520152545,36,,,,,,,,,,,,,,,,,,https://cdn.shopify.com/s/files/1/2935/3636/products/oje-238-9ae2.jpg?v=1520152572,lb,
sơn-mong-tay-pastel-oje,,,,,,,,239,,,,,Nail00239,0,,0,deny,manual,55000,,true,true,"",https://cdn.shopify.com/s/files/1/2935/3636/products/oje-39-9dc6.jpg?v=1520152546,37,,,,,,,,,,,,,,,,,,https://cdn.shopify.com/s/files/1/2935/3636/products/oje-239-0611.jpg?v=1520152572,lb,
sơn-mong-tay-pastel-oje,,,,,,,,27,,,,,Nail00027,0,,0,deny,manual,55000,,true,true,"",https://cdn.shopify.com/s/files/1/2935/3636/products/oje-40-cacf.jpg?v=1520152546,38,,,,,,,,,,,,,,,,,,https://cdn.shopify.com/s/files/1/2935/3636/products/oje-47-c3ea.jpg?v=1520152551,lb,
sơn-mong-tay-pastel-oje,,,,,,,,28,,,,,Nail00028,0,,0,deny,manual,55000,,true,true,"",https://cdn.shopify.com/s/files/1/2935/3636/products/oje-41-9aee.jpg?v=1520152547,39,,,,,,,,,,,,,,,,,,https://cdn.shopify.com/s/files/1/2935/3636/products/oje-9-4e1c_3609d6c0-19e4-43ff-b5ba-387494272943.jpg?v=1520151388,lb,
sơn-mong-tay-pastel-oje,,,,,,,,30,,,,,Nail00030,0,,0,deny,manual,55000,,true,true,"",https://cdn.shopify.com/s/files/1/2935/3636/products/oje-43-881c.jpg?v=1520152548,40,,,,,,,,,,,,,,,,,,https://cdn.shopify.com/s/files/1/2935/3636/products/oje-9-4e1c_3609d6c0-19e4-43ff-b5ba-387494272943.jpg?v=1520151388,lb,
sơn-mong-tay-pastel-oje,,,,,,,,37,,,,,Nail00037,0,,0,deny,manual,55000,,true,true,"",https://cdn.shopify.com/s/files/1/2935/3636/products/oje-44-ff02.jpg?v=1520152548,41,,,,,,,,,,,,,,,,,,https://cdn.shopify.com/s/files/1/2935/3636/products/oje-9-4e1c_3609d6c0-19e4-43ff-b5ba-387494272943.jpg?v=1520151388,lb,
sơn-mong-tay-pastel-oje,,,,,,,,38,,,,,Nail00038,0,,0,deny,manual,55000,,true,true,"",https://cdn.shopify.com/s/files/1/2935/3636/products/oje-45-d9ee.jpg?v=1520152550,42,,,,,,,,,,,,,,,,,,https://cdn.shopify.com/s/files/1/2935/3636/products/oje-9-4e1c_3609d6c0-19e4-43ff-b5ba-387494272943.jpg?v=1520151388,lb,
sơn-mong-tay-pastel-oje,,,,,,,,39,,,,,Nail00039,0,,0,deny,manual,55000,,true,true,"",https://cdn.shopify.com/s/files/1/2935/3636/products/oje-46-c3d9.jpg?v=1520152550,43,,,,,,,,,,,,,,,,,,https://cdn.shopify.com/s/files/1/2935/3636/products/oje-9-4e1c_3609d6c0-19e4-43ff-b5ba-387494272943.jpg?v=1520151388,lb,
sơn-mong-tay-pastel-oje,,,,,,,,40,,,,,Nail00040,0,,0,deny,manual,55000,,true,true,"",https://cdn.shopify.com/s/files/1/2935/3636/products/oje-47-c3ea.jpg?v=1520152551,44,,,,,,,,,,,,,,,,,,https://cdn.shopify.com/s/files/1/2935/3636/products/oje-9-4e1c_3609d6c0-19e4-43ff-b5ba-387494272943.jpg?v=1520151388,lb,
sơn-mong-tay-pastel-oje,,,,,,,,41,,,,,Nail00041,0,,0,deny,manual,55000,,true,true,"",https://cdn.shopify.com/s/files/1/2935/3636/products/oje-48-a29e.jpg?v=1520152552,45,,,,,,,,,,,,,,,,,,https://cdn.shopify.com/s/files/1/2935/3636/products/oje-9-4e1c_3609d6c0-19e4-43ff-b5ba-387494272943.jpg?v=1520151388,lb,
sơn-mong-tay-pastel-oje,,,,,,,,43,,,,,Nail00043,0,,0,deny,manual,55000,,true,true,"",https://cdn.shopify.com/s/files/1/2935/3636/products/oje-49-0a4c.jpg?v=1520152552,46,,,,,,,,,,,,,,,,,,https://cdn.shopify.com/s/files/1/2935/3636/products/oje-9-4e1c_3609d6c0-19e4-43ff-b5ba-387494272943.jpg?v=1520151388,lb,
sơn-mong-tay-pastel-oje,,,,,,,,44,,,,,Nail00044,0,,0,deny,manual,55000,,true,true,"",https://cdn.shopify.com/s/files/1/2935/3636/products/oje-51-0c3b.jpg?v=1520152553,47,,,,,,,,,,,,,,,,,,https://cdn.shopify.com/s/files/1/2935/3636/products/oje-9-4e1c_3609d6c0-19e4-43ff-b5ba-387494272943.jpg?v=1520151388,lb,
sơn-mong-tay-pastel-oje,,,,,,,,45,,,,,Nail00045,0,,0,deny,manual,55000,,true,true,"",https://cdn.shopify.com/s/files/1/2935/3636/products/Oje-53-293c.jpg?v=1520152555,48,,,,,,,,,,,,,,,,,,https://cdn.shopify.com/s/files/1/2935/3636/products/oje-9-4e1c_3609d6c0-19e4-43ff-b5ba-387494272943.jpg?v=1520151388,lb,
sơn-mong-tay-pastel-oje,,,,,,,,46,,,,,Nail00046,0,,0,deny,manual,55000,,true,true,"",https://cdn.shopify.com/s/files/1/2935/3636/products/Oje-54-9f46.jpg?v=1520152556,49,,,,,,,,,,,,,,,,,,https://cdn.shopify.com/s/files/1/2935/3636/products/oje-9-4e1c_3609d6c0-19e4-43ff-b5ba-387494272943.jpg?v=1520151388,lb,
sơn-mong-tay-pastel-oje,,,,,,,,47,,,,,Nail00047,0,,0,deny,manual,55000,,true,true,"",https://cdn.shopify.com/s/files/1/2935/3636/products/oje-65-2ad7.jpg?v=1520152557,50,,,,,,,,,,,,,,,,,,https://cdn.shopify.com/s/files/1/2935/3636/products/oje-9-4e1c_3609d6c0-19e4-43ff-b5ba-387494272943.jpg?v=1520151388,lb,
sơn-mong-tay-pastel-oje,,,,,,,,48,,,,,Nail00048,0,,0,deny,manual,55000,,true,true,"",https://cdn.shopify.com/s/files/1/2935/3636/products/oje-66-7fff.jpg?v=1520152557,51,,,,,,,,,,,,,,,,,,https://cdn.shopify.com/s/files/1/2935/3636/products/oje-9-4e1c_3609d6c0-19e4-43ff-b5ba-387494272943.jpg?v=1520151388,lb,
sơn-mong-tay-pastel-oje,,,,,,,,56,,,,,Nail00056,0,,0,deny,manual,55000,,true,true,"",https://cdn.shopify.com/s/files/1/2935/3636/products/oje-87-ac54.jpg?v=1520152563,52,,,,,,,,,,,,,,,,,,https://cdn.shopify.com/s/files/1/2935/3636/products/oje-9-4e1c_3609d6c0-19e4-43ff-b5ba-387494272943.jpg?v=1520151388,lb,
sơn-mong-tay-pastel-oje,,,,,,,,61,,,,,Nail00061,0,,0,deny,manual,55000,,true,true,"",https://cdn.shopify.com/s/files/1/2935/3636/products/oje-95-a64f.jpg?v=1520152564,53,,,,,,,,,,,,,,,,,,https://cdn.shopify.com/s/files/1/2935/3636/products/oje-9-4e1c_3609d6c0-19e4-43ff-b5ba-387494272943.jpg?v=1520151388,lb,
sơn-mong-tay-pastel-oje,,,,,,,,65,,,,,Nail00065,0,,0,deny,manual,55000,,true,true,"",https://cdn.shopify.com/s/files/1/2935/3636/products/oje-99-859d.jpg?v=1520152565,54,,,,,,,,,,,,,,,,,,https://cdn.shopify.com/s/files/1/2935/3636/products/oje-9-4e1c_3609d6c0-19e4-43ff-b5ba-387494272943.jpg?v=1520151388,lb,
sơn-mong-tay-pastel-oje,,,,,,,,66,,,,,Nail00066,0,,0,deny,manual,55000,,true,true,"",https://cdn.shopify.com/s/files/1/2935/3636/products/Oje-139-f3f2.jpg?v=1520152566,55,,,,,,,,,,,,,,,,,,https://cdn.shopify.com/s/files/1/2935/3636/products/oje-9-4e1c_3609d6c0-19e4-43ff-b5ba-387494272943.jpg?v=1520151388,lb,
sơn-mong-tay-pastel-oje,,,,,,,,68,,,,,Nail00068,0,,0,deny,manual,55000,,true,true,"",https://cdn.shopify.com/s/files/1/2935/3636/products/oje-231-2d0e.jpg?v=1520152566,56,,,,,,,,,,,,,,,,,,https://cdn.shopify.com/s/files/1/2935/3636/products/oje-9-4e1c_3609d6c0-19e4-43ff-b5ba-387494272943.jpg?v=1520151388,lb,
sơn-mong-tay-pastel-oje,,,,,,,,75,,,,,Nail00075,0,,0,deny,manual,55000,,true,true,"",https://cdn.shopify.com/s/files/1/2935/3636/products/oje-232-46c9.jpg?v=1520152567,57,,,,,,,,,,,,,,,,,,https://cdn.shopify.com/s/files/1/2935/3636/products/oje-9-4e1c_3609d6c0-19e4-43ff-b5ba-387494272943.jpg?v=1520151388,lb,
sơn-mong-tay-pastel-oje,,,,,,,,78,,,,,Nail00078,0,,0,deny,manual,55000,,true,true,"",https://cdn.shopify.com/s/files/1/2935/3636/products/oje-233-afea.jpg?v=1520152568,58,,,,,,,,,,,,,,,,,,https://cdn.shopify.com/s/files/1/2935/3636/products/oje-9-4e1c_3609d6c0-19e4-43ff-b5ba-387494272943.jpg?v=1520151388,lb,
sơn-mong-tay-pastel-oje,,,,,,,,87,,,,,Nail00087,0,,0,deny,manual,55000,,true,true,"",https://cdn.shopify.com/s/files/1/2935/3636/products/oje-234-283e.jpg?v=1520152568,59,,,,,,,,,,,,,,,,,,https://cdn.shopify.com/s/files/1/2935/3636/products/oje-9-4e1c_3609d6c0-19e4-43ff-b5ba-387494272943.jpg?v=1520151388,lb,
sơn-mong-tay-pastel-oje,,,,,,,,98,,,,,Nail00098,0,,0,deny,manual,55000,,true,true,"",https://cdn.shopify.com/s/files/1/2935/3636/products/oje-235-3397.jpg?v=1520152569,60,,,,,,,,,,,,,,,,,,https://cdn.shopify.com/s/files/1/2935/3636/products/oje-99-859d.jpg?v=1520152565,lb,
sơn-mong-tay-pastel-oje,,,,,,,,99,,,,,Nail00099,0,,0,deny,manual,55000,,true,true,"",https://cdn.shopify.com/s/files/1/2935/3636/products/oje-236-dd8f.jpg?v=1520152570,61,,,,,,,,,,,,,,,,,,https://cdn.shopify.com/s/files/1/2935/3636/products/oje-30-d013.jpg?v=1520152543,lb,
sơn-mong-tay-pastel-oje,,,,,,,,,,,,,,,,,,,,,,,,https://cdn.shopify.com/s/files/1/2935/3636/products/oje-237-1f55.jpg?v=1520152571,62,,,,,,,,,,,,,,,,,,,,
sơn-mong-tay-pastel-oje,,,,,,,,,,,,,,,,,,,,,,,,https://cdn.shopify.com/s/files/1/2935/3636/products/oje-238-9ae2.jpg?v=1520152572,63,,,,,,,,,,,,,,,,,,,,
sơn-mong-tay-pastel-oje,,,,,,,,,,,,,,,,,,,,,,,,https://cdn.shopify.com/s/files/1/2935/3636/products/oje-239-0611.jpg?v=1520152572,64,,,,,,,,,,,,,,,,,,,,
sơn-mong-tay-pastel-oje,,,,,,,,,,,,,,,,,,,,,,,,https://cdn.shopify.com/s/files/1/2935/3636/products/oje-240-ee50.jpg?v=1520252950,65,,,,,,,,,,,,,,,,,,,,
son-nước-lau-troi-pastel,Son Nước Lâu Trôi,"<div class=""JKatAdi""><span style=""vertical-align: inherit;""><span style=""vertical-align: inherit;""><span style=""vertical-align: inherit;""><span style=""vertical-align: inherit;""><span style=""vertical-align: inherit;""><span style=""vertical-align: inherit;"">Màu sắc giúp cho màu sắc trên môi trường không phải là ngày dài. </span></span></span></span></span><span style=""vertical-align: inherit;""><span style=""vertical-align: inherit;""><span style=""vertical-align: inherit;""><span style=""vertical-align: inherit;""><span style=""vertical-align: inherit;"">For æmmotion protect management for environment. </span></span></span></span></span><span style=""vertical-align: inherit;""><span style=""vertical-align: inherit;""><span style=""vertical-align: inherit;""><span style=""vertical-align: inherit;""><span style=""vertical-align: inherit;"">Màu Tone với 16 màu.</span></span></span></span></span></span></div>
<div class=""JKatAdi""><span class=""bold""><span class=""satir1""><span><span style=""vertical-align: inherit;""><span style=""vertical-align: inherit;""><span style=""vertical-align: inherit;""><span style=""vertical-align: inherit;""><span style=""vertical-align: inherit;""><span style=""vertical-align: inherit;""><span style=""vertical-align: inherit;""><span style=""vertical-align: inherit;""></span></span></span></span></span></span></span></span></span></span></span></div>",Pastel,Son Môi,"",true,Color,09,,,,,Lips00065,7,,99,continue,manual,200000,,true,true,'86906440036,https://cdn.shopify.com/s/files/1/2935/3636/products/Daylong-Lipcolor-Kissproof-9-67c6.png?v=1519887239,1,,false,,,,,,,,,,,,,,,,https://cdn.shopify.com/s/files/1/2935/3636/products/daylong_ruj9.jpg?v=1519887306,oz,
son-nước-lau-troi-pastel,,,,,,,,12,,,,,Lips00066,7,,0,continue,manual,200000,,true,true,'86906440036,https://cdn.shopify.com/s/files/1/2935/3636/products/FB_20160712_20_57_25_Saved_Picture_2.jpg?v=1519887239,2,,,,,,,,,,,,,,,,,,https://cdn.shopify.com/s/files/1/2935/3636/products/daylong_ruj12.jpg?v=1519887340,oz,
son-nước-lau-troi-pastel,,,,,,,,15,,,,,Lips00067,7,,0,continue,manual,200000,,true,true,'86906440036,https://cdn.shopify.com/s/files/1/2935/3636/products/17795994_1361390023882226_8980526397556791665_n.jpg?v=1519887239,3,,,,,,,,,,,,,,,,,,https://cdn.shopify.com/s/files/1/2935/3636/products/daylong_ruj15.jpg?v=1519887367,oz,
son-nước-lau-troi-pastel,,,,,,,,16,,,,,Lips00068,7,,0,continue,manual,200000,,true,true,'86906440036,https://cdn.shopify.com/s/files/1/2935/3636/products/FB_20170213_12_15_46_Saved_Picture.jpg?v=1519887239,4,,,,,,,,,,,,,,,,,,https://cdn.shopify.com/s/files/1/2935/3636/products/Pastel_Katalog_Yuksek.output_16.jpg?v=1519887461,oz,
son-nước-lau-troi-pastel,,,,,,,,17,,,,,Lips00069,7,,0,continue,manual,200000,,true,true,'86906440036,https://cdn.shopify.com/s/files/1/2935/3636/products/daylong_ruj9.jpg?v=1519887306,5,,,,,,,,,,,,,,,,,,https://cdn.shopify.com/s/files/1/2935/3636/products/daylong_lipcolor_17.jpg?v=1519887504,oz,
son-nước-lau-troi-pastel,,,,,,,,18,,,,,Lips00070,7,,0,continue,manual,200000,,true,true,'86906440036,https://cdn.shopify.com/s/files/1/2935/3636/products/daylong_ruj12.jpg?v=1519887340,6,,,,,,,,,,,,,,,,,,https://cdn.shopify.com/s/files/1/2935/3636/products/daylong_lipcolor_18.jpg?v=1519887538,oz,
son-nước-lau-troi-pastel,,,,,,,,20,,,,,Lips00064,7,,0,continue,manual,200000,,true,true,'86906440036,https://cdn.shopify.com/s/files/1/2935/3636/products/daylong_ruj15.jpg?v=1519887367,7,,,,,,,,,,,,,,,,,,https://cdn.shopify.com/s/files/1/2935/3636/products/Daylong_ruj20.jpg?v=1519887568,oz,
son-nước-lau-troi-pastel,,,,,,,,21,,,,,Lips00071,7,,0,continue,manual,200000,,true,true,'86906440036,https://cdn.shopify.com/s/files/1/2935/3636/products/Pastel_Katalog_Yuksek.output_16.jpg?v=1519887461,8,,,,,,,,,,,,,,,,,,https://cdn.shopify.com/s/files/1/2935/3636/products/Daylong21.jpg?v=1519887601,oz,
son-nước-lau-troi-pastel,,,,,,,,24,,,,,Lips00072,7,,0,continue,manual,200000,,true,true,'86906440036,https://cdn.shopify.com/s/files/1/2935/3636/products/daylong_lipcolor_17.jpg?v=1519887504,9,,,,,,,,,,,,,,,,,,https://cdn.shopify.com/s/files/1/2935/3636/products/23376174_1571069962914230_7336639639945422466_n_png.jpg?v=1519887875,oz,
son-nước-lau-troi-pastel,,,,,,,,25,,,,,Lips00073,7,,0,continue,manual,200000,,true,true,'86906440036,https://cdn.shopify.com/s/files/1/2935/3636/products/daylong_lipcolor_18.jpg?v=1519887538,10,,,,,,,,,,,,,,,,,,https://cdn.shopify.com/s/files/1/2935/3636/products/13872776_1132723936748837_4575009545650967724_n.jpg?v=1519887931,oz,
son-nước-lau-troi-pastel,,,,,,,,26,,,,,Lips00074,7,,0,continue,manual,200000,,true,true,'86906440036,https://cdn.shopify.com/s/files/1/2935/3636/products/Daylong_ruj20.jpg?v=1519887568,11,,,,,,,,,,,,,,,,,,https://cdn.shopify.com/s/files/1/2935/3636/products/FB_20160712_20_57_25_Saved_Picture_2.jpg?v=1519887239,oz,
son-nước-lau-troi-pastel,,,,,,,,27,,,,,Lips00075,7,,0,continue,manual,200000,,true,true,'86906440036,https://cdn.shopify.com/s/files/1/2935/3636/products/Daylong21.jpg?v=1519887601,12,,,,,,,,,,,,,,,,,,https://cdn.shopify.com/s/files/1/2935/3636/products/13310431_1097497666938131_1663326771930571190_n.jpg?v=1519888088,oz,
son-nước-lau-troi-pastel,,,,,,,,31,,,,,Lips00076,7,,0,continue,manual,200000,,true,true,'86906440036,https://cdn.shopify.com/s/files/1/2935/3636/products/23376174_1571069962914230_7336639639945422466_n_png.jpg?v=1519887875,13,,,,,,,,,,,,,,,,,,https://cdn.shopify.com/s/files/1/2935/3636/products/FB_20170213_12_15_46_Saved_Picture.jpg?v=1519887239,oz,
son-nước-lau-troi-pastel,,,,,,,,36,,,,,Lips00077,7,,0,continue,manual,200000,,true,true,'86906440036,https://cdn.shopify.com/s/files/1/2935/3636/products/13872776_1132723936748837_4575009545650967724_n.jpg?v=1519887931,14,,,,,,,,,,,,,,,,,,https://cdn.shopify.com/s/files/1/2935/3636/products/17795994_1361390023882226_8980526397556791665_n.jpg?v=1519887239,oz,
son-nước-lau-troi-pastel,,,,,,,,,,,,,,,,,,,,,,,,https://cdn.shopify.com/s/files/1/2935/3636/products/13872776_1132723936748837_4575009545650967724_n_3ab68363-6437-4726-98bf-cb37c4d4d45a.jpg?v=1519887949,15,,,,,,,,,,,,,,,,,,,,
son-nước-lau-troi-pastel,,,,,,,,,,,,,,,,,,,,,,,,https://cdn.shopify.com/s/files/1/2935/3636/products/13310431_1097497666938131_1663326771930571190_n.jpg?v=1519888088,16,,,,,,,,,,,,,,,,,,,,
spf-50-kem-chống-nắng-bảo-vệ-da,SPF 50+ / KEM CHỐNG NẮNG BẢO VỆ DA,"<span>Công thức Kem chống nắng cực mạnh có chứa các chất chống oxy hoá UVA và UVB tiên tiến, vitamin và các chất chiết xuất từ ​​thảo mộc để bảo vệ da chống lại sự hư hại của ánh nắng mặt trời, các vết màu do ánh nắng mặt trời và sự hình thành nếp nhăn sớm.</span>",BIO,Chống nắng,"",true,Title,Default Title,,,,,"",0,,1,deny,manual,264000,,true,true,"",https://cdn.shopify.com/s/files/1/2935/3636/products/ch_ng_n_ng_50.png?v=1520508033,1,,false,,,,,,,,,,,,,,,,,lb,
spf-50-kem-chống-nắng-bảo-vệ-da,,,,,,,,,,,,,,,,,,,,,,,,https://cdn.shopify.com/s/files/1/2935/3636/products/sun_cream_50spf_detail.png?v=1520508034,2,,,,,,,,,,,,,,,,,,,,
sữa-tắm-breeze-pielor-200-ml,Sữa Tắm breeze Pielor 200 ml,"<span>công thức cải tiến với Glycerin và Vitamin E, giúp nhẹ nhàng làm sạch làn da của bạn và giữ cân bằng độ ẩm cho làn da của bạn. 4</span><span>Hương thơm tươi mát của các loài hoa</span>",Pielor,Body,"",true,Material,LAVENDER,,,,,Body00013,0,,1,deny,manual,95000,,true,true,"",https://cdn.shopify.com/s/files/1/2935/3636/products/2016-12-01_40.png?v=1519982088,1,,false,,,,,,,,,,,,,,,,https://cdn.shopify.com/s/files/1/2935/3636/products/lavendershowergel.png?v=1519982089,g,
sữa-tắm-breeze-pielor-200-ml,,,,,,,,VANILLA,,,,,Body00014,0,,0,deny,manual,95000,,true,true,"",https://cdn.shopify.com/s/files/1/2935/3636/products/gardenyadusjeli.png?v=1519982089,2,,,,,,,,,,,,,,,,,,https://cdn.shopify.com/s/files/1/2935/3636/products/showergel_2.png?v=1519982090,g,
sữa-tắm-breeze-pielor-200-ml,,,,,,,,GARDENIA,,,,,Body00012,0,,0,deny,manual,95000,,true,true,"",https://cdn.shopify.com/s/files/1/2935/3636/products/lavendershowergel.png?v=1519982089,3,,,,,,,,,,,,,,,,,,https://cdn.shopify.com/s/files/1/2935/3636/products/gardenyadusjeli.png?v=1519982089,g,
sữa-tắm-breeze-pielor-200-ml,,,,,,,,FLEUR d'ORANGER,,,,,Body00011,0,,0,deny,manual,95000,,true,true,"",https://cdn.shopify.com/s/files/1/2935/3636/products/showergel_2.png?v=1519982090,4,,,,,,,,,,,,,,,,,,https://cdn.shopify.com/s/files/1/2935/3636/products/showergel.png?v=1519982091,g,
sữa-tắm-breeze-pielor-200-ml,,,,,,,,,,,,,,,,,,,,,,,,https://cdn.shopify.com/s/files/1/2935/3636/products/showergel.png?v=1519982091,5,,,,,,,,,,,,,,,,,,,,
