[
  {
    "name": "theme_info",
    "theme_name": "Pop",
    "theme_author": "Shopify",
    "theme_version": "4.1.0",
    "theme_documentation_url": "https://docs.shopify.com/manual/more/official-shopify-themes/pop",
    "theme_support_url": "https://support.shopify.com/"
  },
  {
    "name": "Colors",
    "settings": [
      {
        "type": "header",
        "content": "General"
      },
      {
        "type": "color",
        "id": "color_body_bg",
        "label": "Body background"
      },
      {
        "type": "color",
        "id": "color_body_text",
        "label": "Body text",
        "default": "#333333"
      },
      {
        "type": "color",
        "id": "color_accent",
        "label": "Accents",
        "default": "#00cccc"
      },
      {
        "type": "color",
        "id": "color_borders",
        "label": "Borders",
        "default": "#e5e5e5"
      },
      {
        "type": "color",
        "id": "color_hover",
        "label": "Product hover",
        "default": "#ffffff"
      },
      {
        "type": "header",
        "content": "Sidebar"
      },
      {
        "type": "color",
        "id": "color_menu_bg",
        "label": "Background",
        "default": "#222222"
      },
      {
        "type": "color",
        "id": "color_menu_text",
        "label": "Links",
        "default": "#cccccc"
      },
      {
        "type": "header",
        "content": "Buttons"
      },
      {
        "type": "color",
        "id": "color_btn_primary",
        "label": "Primary buttons",
        "default": "#222222"
      },
      {
        "type": "color",
        "id": "color_btn_secondary",
        "label": "Secondary buttons",
        "default": "#bbbbbb"
      },
      {
        "type": "color",
        "id": "color_btn_text",
        "label": "Button text",
        "default": "#bbbbbb"
      },
      {
        "type": "header",
        "content": "Footer"
      },
      {
        "type": "color",
        "id": "color_footer_social_link",
        "label": "Social icons",
        "default": "#bbbbbb"
      }
    ]
  },
  {
    "name": "Typography",
    "settings": [
      {
        "type": "header",
        "content": "Headings, buttons, and navigation"
      },
      {
        "type": "select",
        "id": "type_header_family",
        "label": "Font",
        "options": [
          {
            "value": "'Avant Garde', Avantgarde, 'Century Gothic', CenturyGothic, 'AppleGothic', sans-serif",
            "label": "Avant Garde",
            "group": "Sans-serif"
          },
          {
            "value": "'Gill Sans', 'Gill Sans MT', Calibri, sans-serif",
            "label": "Gill Sans",
            "group": "Sans-serif"
          },
          {
            "value": "'HelveticaNeue', 'Helvetica Neue', Helvetica, Arial, sans-serif",
            "label": "Helvetica Neue",
            "group": "Sans-serif"
          },
          {
            "value": "Arial, 'Helvetica Neue', Helvetica, sans-serif",
            "label": "Arial",
            "group": "Sans-serif"
          },
          {
            "value": "Candara, Calibri, Segoe, 'Segoe UI', Optima, Arial, sans-serif",
            "label": "Candara",
            "group": "Sans-serif"
          },
          {
            "value": "Geneva, Tahoma, Verdana, sans-serif",
            "label": "Geneva",
            "group": "Sans-serif"
          },
          {
            "value": "Google_Droid+Sans_400_sans",
            "label": "Droid Sans",
            "group": "Sans-serif | Google Web Fonts"
          },
          {
            "value": "Google_Droid+Sans_700_sans",
            "label": "Droid Sans Bold",
            "group": "Sans-serif | Google Web Fonts"
          },
          {
            "value": "Google_Lato_400_sans",
            "label": "Lato",
            "group": "Sans-serif | Google Web Fonts"
          },
          {
            "value": "Google_Lato_700_sans",
            "label": "Lato Bold",
            "group": "Sans-serif | Google Web Fonts"
          },
          {
            "value": "Google_Montserrat_400_sans",
            "label": "Montserrat",
            "group": "Sans-serif | Google Web Fonts"
          },
          {
            "value": "Google_Montserrat_700_sans",
            "label": "Montserrat Bold",
            "group": "Sans-serif | Google Web Fonts"
          },
          {
            "value": "Google_Open+Sans_400_sans",
            "label": "Open Sans",
            "group": "Sans-serif | Google Web Fonts"
          },
          {
            "value": "Google_Open+Sans_700_sans",
            "label": "Open Sans Bold",
            "group": "Sans-serif | Google Web Fonts"
          },
          {
            "value": "Google_PT+Sans_400_sans",
            "label": "PT Sans",
            "group": "Sans-serif | Google Web Fonts"
          },
          {
            "value": "Google_PT+Sans_700_sans",
            "label": "PT Sans Bold",
            "group": "Sans-serif | Google Web Fonts"
          },
          {
            "value": "Google_Roboto_400_sans",
            "label": "Roboto",
            "group": "Sans-serif | Google Web Fonts"
          },
          {
            "value": "Google_Roboto_700_sans",
            "label": "Roboto Bold",
            "group": "Sans-serif | Google Web Fonts"
          },
          {
            "value": "Google_Source+Sans+Pro_400_sans",
            "label": "Source Sans Pro",
            "group": "Sans-serif | Google Web Fonts"
          },
          {
            "value": "Google_Source+Sans+Pro_700_sans",
            "label": "Source Sans Pro Bold",
            "group": "Sans-serif | Google Web Fonts"
          },
          {
            "value": "Google_Ubuntu_400_sans",
            "label": "Ubuntu",
            "group": "Sans-serif | Google Web Fonts"
          },
          {
            "value": "Google_Ubuntu_700_sans",
            "label": "Ubuntu Bold",
            "group": "Sans-serif | Google Web Fonts"
          },
          {
            "value": "Google_Raleway_400_sans",
            "label": "RaleWay",
            "group": "Sans-serif | Google Web Fonts"
          },
          {
            "value": "Google_Raleway_500_sans",
            "label": "RaleWay Medium",
            "group": "Sans-serif | Google Web Fonts"
          },
          {
            "value": "Google_Raleway_700_sans",
            "label": "RaleWay Bold",
            "group": "Sans-serif | Google Web Fonts"
          },
          {
            "value": "Google_Nunito_400_sans",
            "label": "Nunito",
            "group": "Sans-serif | Google Web Fonts"
          },
          {
            "value": "Google_Nunito_700_sans",
            "label": "Nunito Bold",
            "group": "Sans-serif | Google Web Fonts"
          },
          {
            "value": "Google_Chewy_400_sans",
            "label": "Chewy",
            "group": "Sans-serif | Google Web Fonts"
          },
          {
            "value": "'Big Caslon', 'Book Antiqua', 'Palatino Linotype', Georgia, serif",
            "label": "Big Caslon",
            "group": "Serif"
          },
          {
            "value": "'Calisto MT', 'Bookman Old Style', Bookman, 'Goudy Old Style', Garamond, 'Hoefler Text', 'Bitstream Charter', Georgia, serif",
            "label": "Calisto MT",
            "group": "Serif"
          },
          {
            "value": "Baskerville, 'Baskerville Old Face', 'Hoefler Text', Garamond, 'Times New Roman', serif",
            "label": "Baskerville",
            "group": "Serif"
          },
          {
            "value": "Garamond, Baskerville, 'Baskerville Old Face', 'Hoefler Text', 'Times New Roman', serif",
            "label": "Garamond",
            "group": "Serif"
          },
          {
            "value": "TimesNewRoman, 'Times New Roman', Times, Baskerville, Georgia, serif",
            "label": "Times New Roman",
            "group": "Serif"
          },
          {
            "value": "Google_Arvo_400_serif",
            "label": "Arvo",
            "group": "Serif | Google Web Fonts"
          },
          {
            "value": "Google_Arvo_700_serif",
            "label": "Arvo Bold",
            "group": "Serif | Google Web Fonts"
          },
          {
            "value": "Google_Crimson+Text_400_serif",
            "label": "Crimson Text",
            "group": "Serif | Google Web Fonts"
          },
          {
            "value": "Google_Crimson+Text_700_serif",
            "label": "Crimson Text Bold",
            "group": "Serif | Google Web Fonts"
          },
          {
            "value": "Google_Droid+Serif_400_serif",
            "label": "Droid Serif",
            "group": "Serif | Google Web Fonts"
          },
          {
            "value": "Google_Droid+Serif_700_serif",
            "label": "Droid Serif Bold",
            "group": "Serif | Google Web Fonts"
          },
          {
            "value": "Google_Lora_400_serif",
            "label": "Lora",
            "group": "Serif | Google Web Fonts"
          },
          {
            "value": "Google_Lora_700_serif",
            "label": "Lora Bold",
            "group": "Serif | Google Web Fonts"
          },
          {
            "value": "Google_PT+Serif_400_serif",
            "label": "PT Serif",
            "group": "Serif | Google Web Fonts"
          },
          {
            "value": "Google_PT+Serif_700_serif",
            "label": "PT Serif Bold",
            "group": "Serif | Google Web Fonts"
          },
          {
            "value": "Google_Vollkorn_400_serif",
            "label": "Vollkorn",
            "group": "Serif | Google Web Fonts"
          },
          {
            "value": "Google_Vollkorn_700_serif",
            "label": "Vollkorn Bold",
            "group": "Serif | Google Web Fonts"
          }
        ]
      },
      {
        "type": "checkbox",
        "id": "type_header_transform",
        "label": "Capitalize headings"
      },
      {
        "type": "checkbox",
        "id": "type_buttons_transform",
        "label": "Capitalize button text"
      },
      {
        "type": "select",
        "id": "type_menu_size",
        "label": "Main menu font size",
        "options": [
          {
            "value": "12px",
            "label": "12px"
          },
          {
            "value": "13px",
            "label": "13px"
          },
          {
            "value": "14px",
            "label": "14px"
          },
          {
            "value": "15px",
            "label": "15px"
          },
          {
            "value": "16px",
            "label": "16px"
          },
          {
            "value": "17px",
            "label": "17px"
          },
          {
            "value": "18px",
            "label": "18px"
          }
        ]
      },
      {
        "type": "checkbox",
        "id": "type_navigation_transform",
        "label": "Capitalize main menu items"
      },
      {
        "type": "header",
        "content": "Body text"
      },
      {
        "type": "select",
        "id": "type_base_family",
        "label": "Font",
        "options": [
          {
            "value": "'Avant Garde', Avantgarde, 'Century Gothic', CenturyGothic, 'AppleGothic', sans-serif",
            "label": "Avant Garde",
            "group": "Sans-serif"
          },
          {
            "value": "'Gill Sans', 'Gill Sans MT', Calibri, sans-serif",
            "label": "Gill Sans",
            "group": "Sans-serif"
          },
          {
            "value": "'HelveticaNeue', 'Helvetica Neue', Helvetica, Arial, sans-serif",
            "label": "Helvetica Neue",
            "group": "Sans-serif"
          },
          {
            "value": "Arial, 'Helvetica Neue', Helvetica, sans-serif",
            "label": "Arial",
            "group": "Sans-serif"
          },
          {
            "value": "Candara, Calibri, Segoe, 'Segoe UI', Optima, Arial, sans-serif",
            "label": "Candara",
            "group": "Sans-serif"
          },
          {
            "value": "Geneva, Tahoma, Verdana, sans-serif",
            "label": "Geneva",
            "group": "Sans-serif"
          },
          {
            "value": "Google_Droid+Sans_400,700_sans",
            "label": "Droid Sans",
            "group": "Sans-serif | Google Web Fonts"
          },
          {
            "value": "Google_Lato_400,700_sans",
            "label": "Lato",
            "group": "Sans-serif | Google Web Fonts"
          },
          {
            "value": "Google_Montserrat_400,700_sans",
            "label": "Montserrat",
            "group": "Sans-serif | Google Web Fonts"
          },
          {
            "value": "Google_Open+Sans_400,700_sans",
            "label": "Open Sans",
            "group": "Sans-serif | Google Web Fonts"
          },
          {
            "value": "Google_PT+Sans_400,700_sans",
            "label": "PT Sans",
            "group": "Sans-serif | Google Web Fonts"
          },
          {
            "value": "Google_Roboto_400,700_sans",
            "label": "Roboto",
            "group": "Sans-serif | Google Web Fonts"
          },
          {
            "value": "Google_Source+Sans+Pro_400,700_sans",
            "label": "Source Sans Pro",
            "group": "Sans-serif | Google Web Fonts"
          },
          {
            "value": "Google_Ubuntu_400,700_sans",
            "label": "Ubuntu",
            "group": "Sans-serif | Google Web Fonts"
          },
          {
            "value": "Google_Raleway_500,800_sans",
            "label": "Raleway",
            "group": "Sans-serif | Google Web Fonts"
          },
          {
            "value": "'Big Caslon', 'Book Antiqua', 'Palatino Linotype', Georgia, serif",
            "label": "Big Caslon",
            "group": "Serif"
          },
          {
            "value": "'Calisto MT', 'Bookman Old Style', Bookman, 'Goudy Old Style', Garamond, 'Hoefler Text', 'Bitstream Charter', Georgia, serif",
            "label": "Calisto MT",
            "group": "Serif"
          },
          {
            "value": "Baskerville, 'Baskerville Old Face', 'Hoefler Text', Garamond, 'Times New Roman', serif",
            "label": "Baskerville",
            "group": "Serif"
          },
          {
            "value": "Garamond, Baskerville, 'Baskerville Old Face', 'Hoefler Text', 'Times New Roman', serif",
            "label": "Garamond",
            "group": "Serif"
          },
          {
            "value": "Georgia, 'Hoefler Text', 'Times New Roman', serif",
            "label": "Georgia",
            "group": "Serif"
          },
          {
            "value": "TimesNewRoman, 'Times New Roman', Times, Baskerville, Georgia, serif",
            "label": "Times New Roman",
            "group": "Serif"
          },
          {
            "value": "Google_Arvo_400,400_serif",
            "label": "Arvo",
            "group": "Serif | Google Web Fonts"
          },
          {
            "value": "Google_Crimson+Text_400,700_serif",
            "label": "Crimson Text",
            "group": "Serif | Google Web Fonts"
          },
          {
            "value": "Google_Droid+Serif_400,700_serif",
            "label": "Droid Serif",
            "group": "Serif | Google Web Fonts"
          },
          {
            "value": "Google_Lora_400,700_serif",
            "label": "Lora",
            "group": "Serif | Google Web Fonts"
          },
          {
            "value": "Google_PT+Serif_400,700_serif",
            "label": "PT Serif",
            "group": "Serif | Google Web Fonts"
          },
          {
            "value": "Google_Vollkorn_400,700_serif",
            "label": "Vollkorn",
            "group": "Serif | Google Web Fonts"
          }
        ]
      },
      {
        "type": "select",
        "id": "type_base_size",
        "label": "Base font size",
        "options": [
          {
            "value": "12px",
            "label": "12px"
          },
          {
            "value": "13px",
            "label": "13px"
          },
          {
            "value": "14px",
            "label": "14px"
          },
          {
            "value": "15px",
            "label": "15px"
          },
          {
            "value": "16px",
            "label": "16px"
          },
          {
            "value": "17px",
            "label": "17px"
          },
          {
            "value": "18px",
            "label": "18px"
          }
        ],
        "info": "Headers change proportionally"
      }
    ]
  },
  {
    "name": "Favicon",
    "settings": [
      {
        "type": "image_picker",
        "id": "favicon",
        "label": "Favicon image",
        "info": "Will be scaled down to 32 x 32px"
      }
    ]
  },
  {
    "name": "Cart page",
    "settings": [
      {
        "type": "checkbox",
        "id": "cart_notes_enable",
        "label": "Enable order notes"
      },
      {
        "type": "select",
        "id": "ajax_cart_method",
        "label": "Cart type",
        "options": [
          {
            "value": "drawer",
            "label": "Drawer"
          },
          {
            "value": "page",
            "label": "Page"
          }
        ]
      }
    ]
  },
  {
    "name": "Social media",
    "settings": [
      {
        "type": "header",
        "content": "Social sharing image"
      },
      {
        "type": "image_picker",
        "id": "share_image",
        "label": "Image",
        "info": "Shown when sharing a link on social media. [Learn more](https://help.shopify.com/manual/using-themes/troubleshooting/showing-social-media-thumbnail-images/) about image thumbnails."
      },
      {
        "type": "header",
        "content": "Social accounts"
      },
      {
        "type": "text",
        "id": "social_twitter_link",
        "label": "Twitter",
        "info": "https://twitter.com/shopify"
      },
      {
        "type": "text",
        "id": "social_facebook_link",
        "label": "Facebook",
        "info": "https://www.facebook.com/shopify"
      },
      {
        "type": "text",
        "id": "social_pinterest_link",
        "label": "Pinterest",
        "info": "https://www.pinterest.com/shopify"
      },
      {
        "type": "text",
        "id": "social_google_plus_link",
        "label": "Google plus",
        "info": "https://plus.google.com/+shopify"
      },
      {
        "type": "text",
        "id": "social_instagram_link",
        "label": "Instagram",
        "info": "https://instagram.com/shopify"
      },
      {
        "type": "text",
        "id": "social_tumblr_link",
        "label": "Tumblr",
        "info": "http://shopify.tumblr.com"
      },
      {
        "type": "text",
        "id": "social_snapchat_link",
        "label": "Snapchat",
        "info": "https://www.snapchat.com/add/shopify"
      },
      {
        "type": "text",
        "id": "social_youtube_link",
        "label": "YouTube",
        "info": "https://www.youtube.com/user/shopify"
      },
      {
        "type": "text",
        "id": "social_vimeo_link",
        "label": "Vimeo",
        "info": "https://vimeo.com/shopify"
      },
      {
        "type": "text",
        "id": "social_fancy_link",
        "label": "Fancy",
        "info": "http://fancy.com/shopify"
      },
      {
        "type": "header",
        "content": "Social sharing options"
      },
      {
        "type": "checkbox",
        "id": "share_facebook",
        "label": "Share on Facebook"
      },
      {
        "type": "checkbox",
        "id": "share_twitter",
        "label": "Tweet on Twitter"
      },
      {
        "type": "checkbox",
        "id": "share_pinterest",
        "label": "Pin on Pinterest"
      }
    ]
  }
]