{"current":{"color_body_bg":"#ffffff","color_body_text":"#777777","color_accent":"#d14800","color_borders":"#e7e7e7","color_hover":"#ffffff","color_menu_bg":"#ffffff","color_menu_text":"#444444","color_btn_primary":"#d14800","color_btn_secondary":"#f0c1b7","color_btn_text":"#ffffff","color_footer_social_link":"#777777","type_header_family":"Google_Raleway_500_sans","type_header_transform":false,"type_buttons_transform":false,"type_menu_size":"15px","type_navigation_transform":false,"type_base_family":"Google_Raleway_500,800_sans","type_base_size":"15px","favicon":"shopify:\/\/shop_images\/cty.jpg","cart_notes_enable":true,"ajax_cart_method":"drawer","share_image":"shopify:\/\/shop_images\/reds-for-lips_925x_62447c6c-4344-48d0-b810-c580c632ac31.jpg","social_twitter_link":"https:\/\/twitter.com\/CosmeticVn","social_facebook_link":"https:\/\/www.facebook.com\/cosmeticcommunity.store\/","social_pinterest_link":"https:\/\/www.pinterest.com\/cosmeticcommunity\/boards\/","social_google_plus_link":"","social_instagram_link":"https:\/\/www.instagram.com\/cosmeticcommunity.store\/","social_tumblr_link":"","social_snapchat_link":"","social_youtube_link":"https:\/\/www.youtube.com\/user\/cosmeticcommunity","social_vimeo_link":"","social_fancy_link":"","share_facebook":true,"share_twitter":true,"share_pinterest":true,"checkout_header_image":"shopify:\/\/shop_images\/27157077_769037726626669_1549870302_n.jpg","checkout_logo_image":"","checkout_logo_position":"center","checkout_logo_size":"small","checkout_body_background_image":"shopify:\/\/shop_images\/22046945_1857295750964289_8627980402476738070_n.jpg","checkout_body_background_color":"#1af70f","checkout_input_background_color_mode":"white","checkout_sidebar_background_image":"shopify:\/\/shop_images\/FB_IMG_1516980517535.jpg","checkout_sidebar_background_color":"#171616","checkout_heading_font":"Oswald","checkout_body_font":"Roboto","checkout_accent_color":"#2a9dcc","checkout_button_color":"#2a9dcc","checkout_error_color":"#f20908","background_image":"","background_image_repeat":"tiled","background_use_image":false,"border_width":"1","checkout_banner_background_color":"#ffffff","checkout_call_to_action_color":"#8fc243","checkout_headline":"","checkout_logo":"","checkout_use_header_image":false,"color_footer_bg":"#ffffff","color_footer_border":"#e7e7e7","color_footer_link":"#d14800","color_footer_text":"#777777","color_hover_text":"#d14800","product_details_enable":false,"sections":{"featured-collection":{"type":"featured-collection","settings":{"title":"Phong Cách & Xu Hướng","featured_collection":"nude","num_per_row":2,"num_rows":2,"product_details_display_method":"hover"}},"rich-text":{"type":"rich-text","settings":{"home_page_full_width":false,"section_title":"Cosmetic Community","text":"<p><a href=\"\/collections\" title=\"All Collections\">Ch&uacute;ng t&ocirc;i đại diện cung cấp v&agrave; ph&acirc;n phối ph&aacute;t triển hệ thống kh&aacute;ch h&agrave;ng.Với C&aacute;c Sản Phẩm S&oacute;c Da V&agrave; L&agrave;m Đẹp Ch&iacute;nh H&atilde;ng Được Nhập Khẩu Ch&iacute;nh Thức.<\/a><\/p>","text_size":"large"}},"header":{"type":"header","settings":{"logo":"shopify:\/\/shop_images\/gif_12-15-06.22.14.jpg","nav_menu":"main-menu","menu_mobile":"40","border_menu":true}},"announcement-bar":{"type":"announcement-bar","settings":{"show_announcement":true,"home_page_only":false,"text":"Bản Tin Của CosmeticCommunity.store","link":"http:\/\/www.facebook.com\/cosmeticcommunity.store\/","color_bg":"#171918","color_text":"#e8eaf2"}},"footer":{"type":"footer","settings":{"footer_custom_title":"nhiệm vụ của chúng tôi","footer_custom_content":"<p>Mục ti&ecirc;u t&ocirc;n trọng kh&aacute;ch H&agrave;ng V&agrave; Đối t&aacute;c C&aacute;c Thương Hiệu.Từ c&aacute;c đối t&aacute;c nh&agrave; sản xuất với thương hiệu to&agrave;n cầu &amp; cập nhật th&ocirc;ng tin c&aacute;c nguồn dữ liệu. Ch&uacute;ng T&ocirc;i cung cấp tư vấn cho bạn c&aacute;c sản phẩm ph&ugrave; hợp với xu hướng l&agrave;m đẹp mới nhất. Dựa tr&ecirc;n kh&aacute;ch h&agrave;ng v&agrave; đối t&aacute;c ch&uacute;ng t&ocirc;i tạo ra niềm tin l&acirc;u d&agrave;i tr&ecirc;n C&aacute;c lĩnh vực bao gồm dược phẩm, y tế, thực phẩm, mỹ phẩm v&agrave; hệ thống quản l&iacute; b&aacute;n h&agrave;ng c&ocirc;ng nghệ ti&ecirc;n tiến nhất.<\/p>","footer_newsletter_enable":false,"footer_search_enable":true,"menu":"sidebar-menu-1","border_footer":true}},"collection-template":{"type":"collection-template","settings":{"collection_products_per_row":"3","collection_rows_per_page":"3","collection_tags_enable":true,"collection_sort_enable":true,"product_details_display_method":"hover"}},"product-template":{"type":"product-template","settings":{"product_vendor_enable":true,"product_image_zoom_enable":true,"related_products_enable":true,"product_qty_enable":true,"share_enable":true}},"article-template":{"type":"article-template","settings":{"social_sharing":true}},"1519639771529":{"type":"newsletter","settings":{"heading":"Mua Sắm Tại STORE Không Phải Lo...!","subheading":"Tặng Thẻ Xem Phim CGV và Tích Điểm Khi Mua Sắm Tại Store (vui lòng đăng kí địa chỉ email nhận cập nhật chương trình tại đây)","color_bg":"#83bdb4"}},"1520075759558":{"type":"map","settings":{"heading":"Cửa Hàng Cosmetic community","address":"<p><strong>232 Trần Ph&uacute;, Phường Th&agrave;nh C&ocirc;ng, TP.Bu&ocirc;n Ma Thuột, Tỉnh Đăk Lăk, Việt Nam<\/strong><\/p>","map_address":"https:\/\/www.google.com\/maps\/place\/C%C3%B4ng+Ty+TNHH+Cosmetic+Community\/@12.6850102,108.0344673,742m\/data=!3m1!1e3!4m5!3m4!1s0x31721d79f07f808f:0xc877030e62a89e!8m2!3d12.685005!4d108.036656","button":"Vị Trí Gmap","show_pin":true,"api_key":"","image":"shopify:\/\/shop_images\/22046945_1857295750964289_8627980402476738070_n.jpg","position":"top left"}},"list-collections-template":{"type":"list-collections-template","settings":{"display_type":"all","layout":"grid","sort":"alphabetical"}},"1520593615419":{"type":"custom-html","settings":{"custom_html":"<!--[endif]---->\n<!--[if !IE]><!-->\n\n<!--<![endif]-->\n<script type=\"text\/javascript\">\n\tvar globalBrand = 'Guess';\n\t\/\/some constants to be used aroud the website\n\tvar GUESS = 'Guess';\n\tvar MARCIANO = 'Marciano';\n\tvar GUESSKIDS = 'GuessKids';\n\tvar Scene7UrlParameters = '&fmt=jpeg&qlt=70&op_sharpen=0&op_usm=1.0,1.0,5,0&iccEmbed=0';\n \n    \/* IE10 does not implement Strings.endsWith *\/\n    String.prototype.endsWith = function (pattern) {\n    \tvar d = this.length - pattern.length;\n    \treturn d >= 0 && this.lastIndexOf(pattern) === d;\n    };\n\n<\/script>"}}},"content_for_index":["rich-text","1519639771529","featured-collection","1520075759558","1520593615419"]},"presets":{"Bone":{"ajax_cart_method":"drawer","background_image":"","background_image_repeat":"tiled","background_use_image":false,"border_width":"1","cart_notes_enable":true,"checkout_accent_color":"#2a9dcc","checkout_banner_background_color":"#ffffff","checkout_button_color":"#2a9dcc","checkout_call_to_action_color":"#8fc243","checkout_headline":"","checkout_logo":"","checkout_use_header_image":false,"color_accent":"#d14800","color_body_bg":"#ffffff","color_body_text":"#777777","color_borders":"#e7e7e7","color_btn_primary":"#d14800","color_btn_secondary":"#f0c1b7","color_btn_text":"#ffffff","color_footer_bg":"#ffffff","color_footer_border":"#e7e7e7","color_footer_link":"#d14800","color_footer_social_link":"#777777","color_footer_text":"#777777","color_hover":"#ffffff","color_hover_text":"#d14800","color_menu_bg":"#ffffff","color_menu_text":"#444444","product_details_enable":false,"share_facebook":true,"share_pinterest":true,"share_twitter":true,"social_facebook_link":"","social_fancy_link":"","social_google_plus_link":"","social_instagram_link":"","social_pinterest_link":"","social_tumblr_link":"","social_snapchat_link":"","social_twitter_link":"","social_vimeo_link":"","social_youtube_link":"","type_base_family":"Google_Raleway_500,800_sans","type_base_size":"15px","type_buttons_transform":false,"type_header_family":"Google_Raleway_500_sans","type_header_transform":false,"type_menu_size":"15px","type_navigation_transform":false,"sections":{"slideshow":{"type":"slideshow","blocks":{"slideshow-0":{"type":"image","settings":{}},"slideshow-1":{"type":"image","settings":{}}},"block_order":["slideshow-0","slideshow-1"],"settings":{"slider_home_auto":true,"slider_home_rate":"5000","slider_animation_type":"slide"}},"featured-collection":{"type":"featured-collection","settings":{"featured_collection":"frontpage","num_per_row":3,"num_rows":2}},"rich-text":{"type":"rich-text","settings":{"home_page_full_width":false,"text":"<p>Use this text to share information about your brand with your customers. Describe a product, share announcements, or welcome customers to your store.<\/p>","text_size":"medium"}},"header":{"type":"header","settings":{"menu_mobile":"70","border_menu":false}},"announcement-bar":{"type":"announcement-bar","settings":{"show_announcement":true,"color_bg":"#d34700"}},"footer":{"type":"footer","settings":{"footer_newsletter_enable":true,"menu":"footer","border_footer":false}},"collection-template":{"type":"collection-template","settings":{"collection_products_per_row":"3","collection_rows_per_page":"4","collection_tags_enable":false,"collection_sort_enable":true,"product_details_display_method":"always"}},"product-template":{"type":"product-template","settings":{"product_vendor_enable":true,"product_image_zoom_enable":false,"related_products_enable":true,"share_enable":true}},"article-template":{"type":"article-template","settings":{"social_sharing":true}}},"content_for_index":["slideshow","rich-text","featured-collection"]},"Toy":{"ajax_cart_method":"drawer","background_image_repeat":"tiled","background_use_image":true,"border_width":"2","cart_notes_enable":true,"checkout_accent_color":"#2a9dcc","checkout_banner_background_color":"#ffffff","checkout_button_color":"#2a9dcc","checkout_call_to_action_color":"#8fc243","checkout_headline":"","checkout_logo":"","checkout_use_header_image":false,"color_accent":"#a5674d","color_body_bg":"#ffffff","color_body_text":"#111111","color_borders":"#f5eae7","color_btn_primary":"#a5674d","color_btn_secondary":"#d9c3ba","color_btn_text":"#ffffff","color_footer_bg":"#ffffff","color_footer_border":"#ffffff","color_footer_link":"#a5674d","color_footer_social_link":"#777777","color_footer_text":"#ffffff","color_hover":"#fdedcd","color_hover_text":"#4d483e","color_menu_bg":"#fdedcd","color_menu_text":"#4d483e","product_details_enable":true,"share_facebook":true,"share_pinterest":true,"share_twitter":true,"social_facebook_link":"","social_fancy_link":"","social_google_plus_link":"","social_instagram_link":"","social_pinterest_link":"","social_tumblr_link":"","social_snapchat_link":"","social_twitter_link":"","social_vimeo_link":"","social_youtube_link":"","type_base_family":"Google_Open+Sans_400,700_sans","type_base_size":"14px","type_buttons_transform":false,"type_header_family":"Google_Nunito_700_sans","type_header_transform":false,"type_menu_size":"15px","type_navigation_transform":false,"sections":{"slideshow":{"type":"slideshow","blocks":{"slideshow-0":{"type":"image","settings":{}},"slideshow-1":{"type":"image","settings":{}}},"block_order":["slideshow-0","slideshow-1"],"settings":{"slider_home_auto":true,"slider_home_rate":"5000","slider_animation_type":"slide"}},"featured-collection":{"type":"featured-collection","settings":{"featured_collection":"frontpage","num_per_row":3,"num_rows":2}},"rich-text":{"type":"rich-text","settings":{"home_page_full_width":true,"text":"<p>Use this text to share information about your brand with your customers. Describe a product, share announcements, or welcome customers to your store.<\/p>","text_size":"medium"}},"header":{"type":"header","settings":{"menu_mobile":"70","border_menu":false}},"announcement-bar":{"type":"announcement-bar","settings":{"show_announcement":true,"color_bg":"#a6674a"}},"footer":{"type":"footer","settings":{"footer_newsletter_enable":true,"menu":"footer","border_footer":false}},"collection-template":{"type":"collection-template","settings":{"collection_products_per_row":"3","collection_rows_per_page":"4","collection_tags_enable":false,"collection_sort_enable":true,"product_details_display_method":"always"}},"product-template":{"type":"product-template","settings":{"product_vendor_enable":false,"product_image_zoom_enable":false,"related_products_enable":true,"share_enable":true}},"article-template":{"type":"article-template","settings":{"social_sharing":true}}},"content_for_index":["slideshow","rich-text","featured-collection"]}}}